House_number,Date,Energy Demand
MAC000002,12-10-2012,7.098
MAC000002,13-10-2012,11.087
MAC000002,14-10-2012,13.223
MAC000002,15-10-2012,10.257
MAC000002,16-10-2012,9.769
MAC000002,17-10-2012,10.885
MAC000002,18-10-2012,10.751
MAC000002,19-10-2012,8.431
MAC000002,20-10-2012,17.578
MAC000002,21-10-2012,24.49
MAC000002,22-10-2012,18.885
MAC000002,23-10-2012,10.485
MAC000002,24-10-2012,15.537
MAC000002,25-10-2012,13.128
MAC000002,26-10-2012,15.065
MAC000002,27-10-2012,16.886
MAC000002,28-10-2012,19.629
MAC000002,29-10-2012,12.779
MAC000002,30-10-2012,13.961
MAC000002,31-10-2012,17.822
MAC000002,01-11-2012,12.209
MAC000002,02-11-2012,14.554
MAC000002,03-11-2012,14.347
MAC000002,04-11-2012,14.507
MAC000002,05-11-2012,15.095
MAC000002,06-11-2012,11.663
MAC000002,07-11-2012,13.137
MAC000002,08-11-2012,0.186
MAC000002,09-11-2012,16.722
MAC000002,10-11-2012,13.245
MAC000002,11-11-2012,10.699
MAC000002,12-11-2012,12.321
MAC000002,13-11-2012,10.264
MAC000002,14-11-2012,10.82
MAC000002,15-11-2012,9.808
MAC000002,16-11-2012,13.116
MAC000002,17-11-2012,9.77
MAC000002,18-11-2012,13.779
MAC000002,19-11-2012,10.147
MAC000002,20-11-2012,11.479
MAC000002,21-11-2012,10.637
MAC000002,22-11-2012,9.44
MAC000002,23-11-2012,10.051
MAC000002,24-11-2012,11.023
MAC000002,25-11-2012,10.545
MAC000002,26-11-2012,9.876
MAC000002,27-11-2012,10.978
MAC000002,28-11-2012,10.743
MAC000002,29-11-2012,10.771
MAC000002,30-11-2012,13.088
MAC000002,01-12-2012,12.783
MAC000002,02-12-2012,15.354
MAC000002,03-12-2012,10.167
MAC000002,04-12-2012,11.143
MAC000002,05-12-2012,11.714
MAC000002,06-12-2012,11.85
MAC000002,07-12-2012,13.248
MAC000002,08-12-2012,13.442
MAC000002,09-12-2012,11.355
MAC000002,10-12-2012,10.123
MAC000002,11-12-2012,12.859
MAC000002,12-12-2012,11.971
MAC000002,13-12-2012,10.922
MAC000002,14-12-2012,10.584
MAC000002,15-12-2012,14.257
MAC000002,16-12-2012,16.497
MAC000002,17-12-2012,12.202
MAC000002,18-12-2012,10.255
MAC000002,19-12-2012,12.265
MAC000002,20-12-2012,11.122
MAC000002,21-12-2012,11.95
MAC000002,22-12-2012,17.932
MAC000002,23-12-2012,7.977
MAC000002,24-12-2012,4.983
MAC000002,25-12-2012,4.909
MAC000002,26-12-2012,7.65
MAC000002,27-12-2012,13.146
MAC000002,28-12-2012,11.157
MAC000002,29-12-2012,10.8
MAC000002,30-12-2012,11.112
MAC000002,31-12-2012,10.033
MAC000002,01-01-2013,10.8
MAC000002,02-01-2013,13.3
MAC000002,03-01-2013,10.074
MAC000002,04-01-2013,9.857
MAC000002,05-01-2013,11.171
MAC000002,06-01-2013,10.293
MAC000002,07-01-2013,9.439
MAC000002,08-01-2013,11.64
MAC000002,09-01-2013,15.259
MAC000002,10-01-2013,10.74
MAC000002,11-01-2013,10.979
MAC000002,12-01-2013,10.586
MAC000002,13-01-2013,10.36
MAC000002,14-01-2013,12.273
MAC000002,15-01-2013,9.83
MAC000002,16-01-2013,14.408
MAC000002,17-01-2013,9.857
MAC000002,18-01-2013,16.922
MAC000002,19-01-2013,15.742
MAC000002,20-01-2013,11.53
MAC000002,21-01-2013,12.666
MAC000002,22-01-2013,10.87
MAC000002,23-01-2013,10.99
MAC000002,24-01-2013,12.124
MAC000002,25-01-2013,11.26
MAC000002,26-01-2013,16.348
MAC000002,27-01-2013,11.466
MAC000002,28-01-2013,9.907
MAC000002,29-01-2013,9.886
MAC000002,30-01-2013,10.297
MAC000002,31-01-2013,9.208
MAC000002,01-02-2013,9.953
MAC000002,02-02-2013,15.097
MAC000002,03-02-2013,11.29
MAC000002,04-02-2013,8.798
MAC000002,05-02-2013,14.146
MAC000002,06-02-2013,14.222
MAC000002,07-02-2013,11.684
MAC000002,08-02-2013,9.635
MAC000002,09-02-2013,14.746
MAC000002,10-02-2013,15.871
MAC000002,11-02-2013,11.514
MAC000002,12-02-2013,10.958
MAC000002,13-02-2013,11.151
MAC000002,14-02-2013,10.042
MAC000002,15-02-2013,11.33
MAC000002,16-02-2013,10.807
MAC000002,17-02-2013,9.221
MAC000002,18-02-2013,9.563
MAC000002,19-02-2013,11.293
MAC000002,20-02-2013,10.941
MAC000002,21-02-2013,20.912
MAC000002,22-02-2013,24.018
MAC000002,23-02-2013,14.125
MAC000002,24-02-2013,19.751
MAC000002,25-02-2013,11.198
MAC000002,26-02-2013,11.175
MAC000002,27-02-2013,15.769
MAC000002,28-02-2013,32.628
MAC000002,01-03-2013,39.284
MAC000002,02-03-2013,26.292
MAC000002,03-03-2013,23.58
MAC000002,04-03-2013,25.447
MAC000002,05-03-2013,32.856
MAC000002,06-03-2013,16.637
MAC000002,07-03-2013,27.718
MAC000002,08-03-2013,18.876
MAC000002,09-03-2013,10.858
MAC000002,10-03-2013,19.191
MAC000002,11-03-2013,13.658
MAC000002,12-03-2013,16.135
MAC000002,13-03-2013,12.956
MAC000002,14-03-2013,12.286
MAC000002,15-03-2013,13.165
MAC000002,16-03-2013,12.652
MAC000002,17-03-2013,17.383
MAC000002,18-03-2013,13.295
MAC000002,19-03-2013,12.519
MAC000002,20-03-2013,14.014
MAC000002,21-03-2013,10.727
MAC000002,22-03-2013,13.524
MAC000002,23-03-2013,25.599
MAC000002,24-03-2013,16.021
MAC000002,25-03-2013,5.781
MAC000002,26-03-2013,4.985
MAC000002,27-03-2013,5.097
MAC000002,28-03-2013,4.929
MAC000002,29-03-2013,4.841
MAC000002,30-03-2013,4.931
MAC000002,31-03-2013,4.933
MAC000002,01-04-2013,4.95
MAC000002,02-04-2013,12.014
MAC000002,03-04-2013,11.421
MAC000002,04-04-2013,16.502
MAC000002,05-04-2013,14.555
MAC000002,06-04-2013,16.679
MAC000002,07-04-2013,13.424
MAC000002,08-04-2013,14.138
MAC000002,09-04-2013,13.627
MAC000002,10-04-2013,13.934
MAC000002,11-04-2013,13.214
MAC000002,12-04-2013,12.563
MAC000002,13-04-2013,25.958
MAC000002,14-04-2013,12.631
MAC000002,15-04-2013,13.937
MAC000002,16-04-2013,10.94
MAC000002,17-04-2013,9.049
MAC000002,18-04-2013,10.346
MAC000002,19-04-2013,10.303
MAC000002,20-04-2013,17.925
MAC000002,21-04-2013,13.58
MAC000002,22-04-2013,8.969
MAC000002,23-04-2013,8.225
MAC000002,24-04-2013,8.686
MAC000002,25-04-2013,9.481
MAC000002,26-04-2013,9.984
MAC000002,27-04-2013,9.625
MAC000002,28-04-2013,9.864
MAC000002,29-04-2013,7.571
MAC000002,30-04-2013,8.64
MAC000002,01-05-2013,8.069
MAC000002,02-05-2013,9.343
MAC000002,03-05-2013,8.109
MAC000002,04-05-2013,9.351
MAC000002,05-05-2013,8.826
MAC000002,06-05-2013,7.418
MAC000002,07-05-2013,7.607
MAC000002,08-05-2013,8.576
MAC000002,09-05-2013,8.391
MAC000002,10-05-2013,12.304
MAC000002,11-05-2013,10.111
MAC000002,12-05-2013,12.405
MAC000002,13-05-2013,8.24
MAC000002,14-05-2013,9.752
MAC000002,15-05-2013,8.34
MAC000002,16-05-2013,9.214
MAC000002,17-05-2013,9.638
MAC000002,18-05-2013,9.714
MAC000002,19-05-2013,10.747
MAC000002,20-05-2013,9.356
MAC000002,21-05-2013,10.899
MAC000002,22-05-2013,10.492
MAC000002,23-05-2013,9.423
MAC000002,24-05-2013,10.342
MAC000002,25-05-2013,9.509
MAC000002,26-05-2013,11.917
MAC000002,27-05-2013,11.161
MAC000002,28-05-2013,12.182
MAC000002,29-05-2013,11.099
MAC000002,30-05-2013,11.431
MAC000002,31-05-2013,10.098
MAC000002,01-06-2013,12.555
MAC000002,02-06-2013,12.082
MAC000002,03-06-2013,10.694
MAC000002,04-06-2013,11.065
MAC000002,05-06-2013,9.62
MAC000002,06-06-2013,9.343
MAC000002,07-06-2013,11.9
MAC000002,08-06-2013,9.598
MAC000002,09-06-2013,9.234
MAC000002,10-06-2013,8.24
MAC000002,11-06-2013,9.321
MAC000002,12-06-2013,9.375
MAC000002,13-06-2013,8.629
MAC000002,14-06-2013,8.761
MAC000002,15-06-2013,13.881
MAC000002,16-06-2013,11.62
MAC000002,17-06-2013,12.253
MAC000002,18-06-2013,10.138
MAC000002,19-06-2013,11.27
MAC000002,20-06-2013,8.717
MAC000002,21-06-2013,10.748
MAC000002,22-06-2013,8.182
MAC000002,23-06-2013,11.157
MAC000002,24-06-2013,7.651
MAC000002,25-06-2013,9.596
MAC000002,26-06-2013,8.857
MAC000002,27-06-2013,8.69
MAC000002,28-06-2013,10.441
MAC000002,29-06-2013,8.911
MAC000002,30-06-2013,7.594
MAC000002,01-07-2013,7.806
MAC000002,02-07-2013,8.958
MAC000002,03-07-2013,9.458
MAC000002,04-07-2013,9.37
MAC000002,05-07-2013,9.138
MAC000002,06-07-2013,9.435
MAC000002,07-07-2013,10.61
MAC000002,08-07-2013,7.405
MAC000002,09-07-2013,5.192
MAC000002,10-07-2013,5.368
MAC000002,11-07-2013,6.046
MAC000002,12-07-2013,4.995
MAC000002,13-07-2013,11.581
MAC000002,14-07-2013,12.957
MAC000002,15-07-2013,7.356
MAC000002,16-07-2013,10.737
MAC000002,17-07-2013,9.367
MAC000002,18-07-2013,11.62
MAC000002,19-07-2013,8.511
MAC000002,20-07-2013,9.344
MAC000002,21-07-2013,8.922
MAC000002,22-07-2013,8.216
MAC000002,23-07-2013,9.527
MAC000002,24-07-2013,8.265
MAC000002,25-07-2013,9.717
MAC000002,26-07-2013,10.316
MAC000002,27-07-2013,8.831
MAC000002,28-07-2013,8.154
MAC000002,29-07-2013,6.781
MAC000002,30-07-2013,8.843
MAC000002,31-07-2013,8.495
MAC000002,01-08-2013,7.92
MAC000002,02-08-2013,8.847
MAC000002,03-08-2013,7.746
MAC000002,04-08-2013,9.085
MAC000002,05-08-2013,9.564
MAC000002,06-08-2013,8.745
MAC000002,07-08-2013,8.784
MAC000002,08-08-2013,8.303
MAC000002,09-08-2013,9.381
MAC000002,10-08-2013,8.562
MAC000002,11-08-2013,8.567
MAC000002,12-08-2013,8.021
MAC000002,13-08-2013,7.709
MAC000002,14-08-2013,9.252
MAC000002,15-08-2013,10.068
MAC000002,16-08-2013,9.098
MAC000002,17-08-2013,8.702
MAC000002,18-08-2013,8.464
MAC000002,19-08-2013,8.498
MAC000002,20-08-2013,8.225
MAC000002,21-08-2013,9.566
MAC000002,22-08-2013,8.019
MAC000002,23-08-2013,8.18
MAC000002,24-08-2013,8.955
MAC000002,25-08-2013,8.91
MAC000002,26-08-2013,8.058
MAC000002,27-08-2013,10.4
MAC000002,28-08-2013,7.937
MAC000002,29-08-2013,9.9
MAC000002,30-08-2013,8.046
MAC000002,31-08-2013,8.538
MAC000002,01-09-2013,8.052
MAC000002,02-09-2013,9.104
MAC000002,03-09-2013,5.722
MAC000002,04-09-2013,5.071
MAC000002,05-09-2013,5.053
MAC000002,06-09-2013,5.04
MAC000002,07-09-2013,4.783
MAC000002,08-09-2013,4.713
MAC000002,09-09-2013,4.57
MAC000002,10-09-2013,4.548
MAC000002,11-09-2013,4.995
MAC000002,12-09-2013,10.985
MAC000002,13-09-2013,12.525
MAC000002,14-09-2013,13.236
MAC000002,15-09-2013,11.626
MAC000002,16-09-2013,12.157
MAC000002,17-09-2013,13.629
MAC000002,18-09-2013,14.61
MAC000002,19-09-2013,21.969
MAC000002,20-09-2013,19.563
MAC000002,21-09-2013,16.236
MAC000002,22-09-2013,12.847
MAC000002,23-09-2013,12.034
MAC000002,24-09-2013,13.234
MAC000002,25-09-2013,9.384
MAC000002,26-09-2013,11.378
MAC000002,27-09-2013,8.993
MAC000002,28-09-2013,12.718
MAC000002,29-09-2013,14.694
MAC000002,30-09-2013,18.271
MAC000002,01-10-2013,20.042
MAC000002,02-10-2013,9.379
MAC000002,03-10-2013,8.072
MAC000002,04-10-2013,8.707
MAC000002,05-10-2013,8.687
MAC000002,06-10-2013,8.628
MAC000002,07-10-2013,9.695
MAC000002,08-10-2013,10.365
MAC000002,09-10-2013,10.074
MAC000002,10-10-2013,11.084
MAC000002,11-10-2013,11.654
MAC000002,12-10-2013,5.909
MAC000002,13-10-2013,14.136
MAC000002,14-10-2013,10.46
MAC000002,15-10-2013,20.372
MAC000002,16-10-2013,22.108
MAC000002,17-10-2013,16.087
MAC000002,18-10-2013,16.662
MAC000002,19-10-2013,13.422
MAC000002,20-10-2013,18.601
MAC000002,21-10-2013,12.294
MAC000002,22-10-2013,11.088
MAC000002,23-10-2013,9.155
MAC000002,24-10-2013,9.258
MAC000002,25-10-2013,13.686
MAC000002,26-10-2013,11.677
MAC000002,27-10-2013,10.192
MAC000002,28-10-2013,15.18
MAC000002,29-10-2013,11.762
MAC000002,30-10-2013,10.397
MAC000002,31-10-2013,9.519
MAC000002,01-11-2013,9.384
MAC000002,02-11-2013,13.312
MAC000002,03-11-2013,16.2
MAC000002,04-11-2013,9.736
MAC000002,05-11-2013,21.503
MAC000002,06-11-2013,11.627
MAC000002,07-11-2013,11.834
MAC000002,08-11-2013,26.19
MAC000002,09-11-2013,12.202
MAC000002,10-11-2013,25.556
MAC000002,11-11-2013,28.659
MAC000002,12-11-2013,18.259
MAC000002,13-11-2013,12.27
MAC000002,14-11-2013,12.202
MAC000002,15-11-2013,13.78
MAC000002,16-11-2013,9.943
MAC000002,17-11-2013,9.094
MAC000002,18-11-2013,10.364
MAC000002,19-11-2013,11.045
MAC000002,20-11-2013,16.814
MAC000002,21-11-2013,11.73
MAC000002,22-11-2013,11.528
MAC000002,23-11-2013,11.214
MAC000002,24-11-2013,14.341
MAC000002,25-11-2013,9.56
MAC000002,26-11-2013,10.631
MAC000002,27-11-2013,11.265
MAC000002,28-11-2013,10.513
MAC000002,29-11-2013,11.51
MAC000002,30-11-2013,7.858
MAC000002,01-12-2013,12.918
MAC000002,02-12-2013,9.061
MAC000002,03-12-2013,14.641
MAC000002,04-12-2013,17.015
MAC000002,05-12-2013,10.495
MAC000002,06-12-2013,14.649
MAC000002,07-12-2013,11.76
MAC000002,08-12-2013,18.28
MAC000002,09-12-2013,11.522
MAC000002,10-12-2013,12.882
MAC000002,11-12-2013,12.935
MAC000002,12-12-2013,12.897
MAC000002,13-12-2013,12.486
MAC000002,14-12-2013,11.432
MAC000002,15-12-2013,12.214
MAC000002,16-12-2013,12.406
MAC000002,17-12-2013,18.477
MAC000002,18-12-2013,14.436
MAC000002,19-12-2013,12.073
MAC000002,20-12-2013,13.171
MAC000002,21-12-2013,11.247
MAC000002,22-12-2013,12.025
MAC000002,23-12-2013,6.721
MAC000002,24-12-2013,4.781
MAC000002,25-12-2013,4.65
MAC000002,26-12-2013,4.706
MAC000002,27-12-2013,9.122
MAC000002,28-12-2013,14.153
MAC000002,29-12-2013,14.982
MAC000002,30-12-2013,15.082
MAC000002,31-12-2013,13.746
MAC000002,01-01-2014,15.496
MAC000002,02-01-2014,14.195
MAC000002,03-01-2014,11.382
MAC000002,04-01-2014,16.176
MAC000002,05-01-2014,14.418
MAC000002,06-01-2014,14.302
MAC000002,07-01-2014,16.492
MAC000002,08-01-2014,13.079
MAC000002,09-01-2014,14.577
MAC000002,10-01-2014,14.964
MAC000002,11-01-2014,14.466
MAC000002,12-01-2014,16.034
MAC000002,13-01-2014,18.266
MAC000002,14-01-2014,18.532
MAC000002,15-01-2014,19.011
MAC000002,16-01-2014,15.802
MAC000002,17-01-2014,14.894
MAC000002,18-01-2014,12.371
MAC000002,19-01-2014,14.8
MAC000002,20-01-2014,12.486
MAC000002,21-01-2014,16.025
MAC000002,22-01-2014,14.116
MAC000002,23-01-2014,12.585
MAC000002,24-01-2014,14.54
MAC000002,25-01-2014,14.039
MAC000002,26-01-2014,24.04
MAC000002,27-01-2014,22.629
MAC000002,28-01-2014,14.388
MAC000002,29-01-2014,20.304
MAC000002,30-01-2014,14.166
MAC000002,31-01-2014,21.574
MAC000002,01-02-2014,11.425
MAC000002,02-02-2014,27.272
MAC000002,03-02-2014,17.468
MAC000002,04-02-2014,24.363
MAC000002,05-02-2014,17.018
MAC000002,06-02-2014,13.352
MAC000002,07-02-2014,16.663
MAC000002,08-02-2014,17.172
MAC000002,09-02-2014,12.657
MAC000002,10-02-2014,10.846
MAC000002,11-02-2014,15.586
MAC000002,12-02-2014,13.812
MAC000002,13-02-2014,11.723
MAC000002,14-02-2014,13.497
MAC000002,15-02-2014,12.57
MAC000002,16-02-2014,21.94
MAC000002,17-02-2014,12.917
MAC000002,18-02-2014,17.066
MAC000002,19-02-2014,14.997
MAC000002,20-02-2014,11.876
MAC000002,21-02-2014,13.083
MAC000002,22-02-2014,12.734
MAC000002,23-02-2014,14.886
MAC000002,24-02-2014,12.528
MAC000002,25-02-2014,11.826
MAC000002,26-02-2014,12.328
MAC000002,27-02-2014,20.518
MAC000002,28-02-2014,2.774
MAC000003,20-02-2012,7.561
MAC000003,21-02-2012,32.218
MAC000003,22-02-2012,19.609
MAC000003,23-02-2012,21.694
MAC000003,24-02-2012,15.817
MAC000003,25-02-2012,15.634
MAC000003,26-02-2012,18.373
MAC000003,27-02-2012,19.237
MAC000003,28-02-2012,14.952
MAC000003,29-02-2012,13.759
MAC000003,01-03-2012,10.579
MAC000003,02-03-2012,11.323
MAC000003,03-03-2012,11.599
MAC000003,04-03-2012,15.762
MAC000003,05-03-2012,12.884
MAC000003,06-03-2012,48.174
MAC000003,07-03-2012,42.511
MAC000003,08-03-2012,24.487
MAC000003,09-03-2012,20.936
MAC000003,10-03-2012,23.201
MAC000003,11-03-2012,19.149
MAC000003,12-03-2012,22.383
MAC000003,13-03-2012,22.386
MAC000003,14-03-2012,23.614
MAC000003,15-03-2012,22.594
MAC000003,16-03-2012,22.88
MAC000003,17-03-2012,22.911
MAC000003,18-03-2012,22.064
MAC000003,19-03-2012,22.16
MAC000003,20-03-2012,21.659
MAC000003,21-03-2012,20.808
MAC000003,22-03-2012,20.268
MAC000003,23-03-2012,22.878
MAC000003,24-03-2012,16.21
MAC000003,25-03-2012,5.109
MAC000003,26-03-2012,3.912
MAC000003,27-03-2012,3.972
MAC000003,28-03-2012,3.886
MAC000003,29-03-2012,3.891
MAC000003,30-03-2012,4.315
MAC000003,31-03-2012,4.013
MAC000003,01-04-2012,3.876
MAC000003,02-04-2012,7.073
MAC000003,03-04-2012,20.782
MAC000003,04-04-2012,14.595
MAC000003,05-04-2012,14.705
MAC000003,06-04-2012,16.949
MAC000003,07-04-2012,16.471
MAC000003,08-04-2012,14.751
MAC000003,09-04-2012,17.889
MAC000003,10-04-2012,12.095
MAC000003,11-04-2012,14.026
MAC000003,12-04-2012,19.16
MAC000003,13-04-2012,15.14
MAC000003,14-04-2012,15.186
MAC000003,15-04-2012,14.595
MAC000003,16-04-2012,18.422
MAC000003,17-04-2012,15.035
MAC000003,18-04-2012,17.264
MAC000003,19-04-2012,15.104
MAC000003,20-04-2012,15.24
MAC000003,21-04-2012,12.696
MAC000003,22-04-2012,14.203
MAC000003,23-04-2012,15.637
MAC000003,24-04-2012,15.349
MAC000003,25-04-2012,14.16
MAC000003,26-04-2012,13.802
MAC000003,27-04-2012,14.783
MAC000003,28-04-2012,14.172
MAC000003,29-04-2012,16.486
MAC000003,30-04-2012,11.494
MAC000003,01-05-2012,11.154
MAC000003,02-05-2012,11.707
MAC000003,03-05-2012,14.341
MAC000003,04-05-2012,15.388
MAC000003,05-05-2012,11.095
MAC000003,06-05-2012,10.936
MAC000003,07-05-2012,17.254
MAC000003,08-05-2012,13.262
MAC000003,09-05-2012,13.555
MAC000003,10-05-2012,11.486
MAC000003,11-05-2012,13.783
MAC000003,12-05-2012,15.012
MAC000003,13-05-2012,12.615
MAC000003,14-05-2012,13.773
MAC000003,15-05-2012,14.666
MAC000003,16-05-2012,15.577
MAC000003,17-05-2012,12.45
MAC000003,18-05-2012,13.66
MAC000003,19-05-2012,13.714
MAC000003,20-05-2012,13.583
MAC000003,21-05-2012,12.032
MAC000003,22-05-2012,13.376
MAC000003,23-05-2012,13.197
MAC000003,24-05-2012,14.082
MAC000003,25-05-2012,13.336
MAC000003,26-05-2012,12.744
MAC000003,27-05-2012,12.817
MAC000003,28-05-2012,15.167
MAC000003,29-05-2012,13.011
MAC000003,30-05-2012,12.3
MAC000003,31-05-2012,11.884
MAC000003,01-06-2012,13.782
MAC000003,02-06-2012,12.385
MAC000003,03-06-2012,14.153
MAC000003,04-06-2012,13.323
MAC000003,05-06-2012,11.94
MAC000003,06-06-2012,13.957
MAC000003,07-06-2012,11.541
MAC000003,08-06-2012,14.115
MAC000003,09-06-2012,12.851
MAC000003,10-06-2012,12.038
MAC000003,11-06-2012,13.055
MAC000003,12-06-2012,13.805
MAC000003,13-06-2012,10.943
MAC000003,14-06-2012,13.145
MAC000003,15-06-2012,14.032
MAC000003,16-06-2012,13.931
MAC000003,17-06-2012,14.574
MAC000003,18-06-2012,14.139
MAC000003,19-06-2012,11.994
MAC000003,20-06-2012,13.969
MAC000003,21-06-2012,12.444
MAC000003,22-06-2012,12.796
MAC000003,23-06-2012,12.731
MAC000003,24-06-2012,11.915
MAC000003,25-06-2012,14.053
MAC000003,26-06-2012,11.243
MAC000003,27-06-2012,13.18
MAC000003,28-06-2012,13.381
MAC000003,29-06-2012,12.61
MAC000003,30-06-2012,12.606
MAC000003,01-07-2012,12.359
MAC000003,02-07-2012,12.775
MAC000003,03-07-2012,11.584
MAC000003,04-07-2012,12.7
MAC000003,05-07-2012,13.724
MAC000003,06-07-2012,13.985
MAC000003,07-07-2012,12.293
MAC000003,08-07-2012,12.13
MAC000003,09-07-2012,11.406
MAC000003,10-07-2012,12.223
MAC000003,11-07-2012,10.47
MAC000003,12-07-2012,12.931
MAC000003,13-07-2012,14.296
MAC000003,14-07-2012,11.907
MAC000003,15-07-2012,11.965
MAC000003,16-07-2012,14.019
MAC000003,17-07-2012,13.076
MAC000003,18-07-2012,13.238
MAC000003,19-07-2012,10.829
MAC000003,20-07-2012,13.142
MAC000003,21-07-2012,11.969
MAC000003,22-07-2012,12.289
MAC000003,23-07-2012,12.252
MAC000003,24-07-2012,14.177
MAC000003,25-07-2012,13.689
MAC000003,26-07-2012,15.918
MAC000003,27-07-2012,14.365
MAC000003,28-07-2012,10.861
MAC000003,29-07-2012,8.285
MAC000003,30-07-2012,7.542
MAC000003,31-07-2012,10.597
MAC000003,01-08-2012,7.585
MAC000003,02-08-2012,8.005
MAC000003,03-08-2012,12.963
MAC000003,04-08-2012,16.446
MAC000003,05-08-2012,11.126
MAC000003,06-08-2012,13.071
MAC000003,07-08-2012,12.627
MAC000003,08-08-2012,13.935
MAC000003,09-08-2012,14.473
MAC000003,10-08-2012,14.468
MAC000003,11-08-2012,13.248
MAC000003,12-08-2012,11.087
MAC000003,13-08-2012,12.424
MAC000003,14-08-2012,12.185
MAC000003,15-08-2012,12.975
MAC000003,16-08-2012,12.96
MAC000003,17-08-2012,13.789
MAC000003,18-08-2012,14.026
MAC000003,19-08-2012,12.692
MAC000003,20-08-2012,13.359
MAC000003,21-08-2012,13.546
MAC000003,22-08-2012,13.264
MAC000003,23-08-2012,13.134
MAC000003,24-08-2012,12.908
MAC000003,25-08-2012,12.31
MAC000003,26-08-2012,12.447
MAC000003,27-08-2012,13.116
MAC000003,28-08-2012,11.629
MAC000003,29-08-2012,14.229
MAC000003,30-08-2012,12.979
MAC000003,31-08-2012,13.29
MAC000003,01-09-2012,15.246
MAC000003,02-09-2012,12.83
MAC000003,03-09-2012,12.505
MAC000003,04-09-2012,13.843
MAC000003,05-09-2012,12.161
MAC000003,06-09-2012,13.008
MAC000003,07-09-2012,13.013
MAC000003,08-09-2012,13.212
MAC000003,09-09-2012,12.817
MAC000003,10-09-2012,13.089
MAC000003,11-09-2012,11.929
MAC000003,12-09-2012,12.834
MAC000003,13-09-2012,13.488
MAC000003,14-09-2012,14.136
MAC000003,15-09-2012,11.713
MAC000003,16-09-2012,11.577
MAC000003,17-09-2012,12.333
MAC000003,18-09-2012,12.954
MAC000003,19-09-2012,13.886
MAC000003,20-09-2012,13.921
MAC000003,21-09-2012,13.727
MAC000003,22-09-2012,12.473
MAC000003,23-09-2012,12.404
MAC000003,24-09-2012,13.543
MAC000003,25-09-2012,12.545
MAC000003,26-09-2012,11.762
MAC000003,27-09-2012,12.441
MAC000003,28-09-2012,12.611
MAC000003,29-09-2012,13.453
MAC000003,30-09-2012,16.513
MAC000003,01-10-2012,13.941
MAC000003,02-10-2012,11.799
MAC000003,03-10-2012,11.853
MAC000003,04-10-2012,11.391
MAC000003,05-10-2012,13.027
MAC000003,06-10-2012,13.286
MAC000003,07-10-2012,12.115
MAC000003,08-10-2012,13.664
MAC000003,09-10-2012,12.446
MAC000003,10-10-2012,11.256
MAC000003,11-10-2012,13.069
MAC000003,12-10-2012,13.434
MAC000003,13-10-2012,14.372
MAC000003,14-10-2012,15.547
MAC000003,15-10-2012,12.77
MAC000003,16-10-2012,13.555
MAC000003,17-10-2012,44.267
MAC000003,18-10-2012,20.815
MAC000003,19-10-2012,23.513
MAC000003,20-10-2012,21.667
MAC000003,21-10-2012,20.247
MAC000003,22-10-2012,22.739
MAC000003,23-10-2012,20.62
MAC000003,24-10-2012,22.104
MAC000003,25-10-2012,19.949
MAC000003,26-10-2012,20.821
MAC000003,27-10-2012,24.632
MAC000003,28-10-2012,24.461
MAC000003,29-10-2012,20.564
MAC000003,30-10-2012,21.139
MAC000003,31-10-2012,21.593
MAC000003,01-11-2012,20.622
MAC000003,02-11-2012,22.613
MAC000003,03-11-2012,21.25
MAC000003,04-11-2012,21.562
MAC000003,05-11-2012,44.65
MAC000003,06-11-2012,42.545
MAC000003,07-11-2012,41.155
MAC000003,08-11-2012,31.727
MAC000003,09-11-2012,32.283
MAC000003,10-11-2012,32.761
MAC000003,11-11-2012,34.804
MAC000003,12-11-2012,40.805
MAC000003,13-11-2012,40.741
MAC000003,14-11-2012,18.173
MAC000003,15-11-2012,21.31
MAC000003,16-11-2012,20.55
MAC000003,17-11-2012,41.918
MAC000003,18-11-2012,40.507
MAC000003,19-11-2012,42.922
MAC000003,20-11-2012,20.378
MAC000003,21-11-2012,20.396
MAC000003,22-11-2012,21.551
MAC000003,23-11-2012,20.422
MAC000003,24-11-2012,45.128
MAC000003,25-11-2012,41.554
MAC000003,26-11-2012,19.643
MAC000003,27-11-2012,19.844
MAC000003,28-11-2012,39.796
MAC000003,29-11-2012,43.099
MAC000003,30-11-2012,44.662
MAC000003,01-12-2012,42.33
MAC000003,02-12-2012,43.22
MAC000003,03-12-2012,41.718
MAC000003,04-12-2012,41.584
MAC000003,05-12-2012,42.458
MAC000003,06-12-2012,44.301
MAC000003,07-12-2012,43.213
MAC000003,08-12-2012,45.4
MAC000003,09-12-2012,41.452
MAC000003,10-12-2012,43.531
MAC000003,11-12-2012,41.014
MAC000003,12-12-2012,42.112
MAC000003,13-12-2012,44.175
MAC000003,14-12-2012,42.62
MAC000003,15-12-2012,43.927
MAC000003,16-12-2012,47
MAC000003,17-12-2012,41.53
MAC000003,18-12-2012,37.122
MAC000003,19-12-2012,39.844
MAC000003,20-12-2012,42.543
MAC000003,21-12-2012,45.181
MAC000003,22-12-2012,39.92
MAC000003,23-12-2012,38.593
MAC000003,24-12-2012,44.157
MAC000003,25-12-2012,21.519
MAC000003,26-12-2012,21.95
MAC000003,27-12-2012,40.295
MAC000003,28-12-2012,39.043
MAC000003,29-12-2012,39.645
MAC000003,30-12-2012,41.644
MAC000003,31-12-2012,19.524
MAC000003,01-01-2013,18.734
MAC000003,02-01-2013,19.98
MAC000003,03-01-2013,23.522
MAC000003,04-01-2013,20.949
MAC000003,05-01-2013,22.061
MAC000003,06-01-2013,39.806
MAC000003,07-01-2013,40.185
MAC000003,08-01-2013,40.282
MAC000003,09-01-2013,19.656
MAC000003,10-01-2013,40.258
MAC000003,11-01-2013,40.689
MAC000003,12-01-2013,43.441
MAC000003,13-01-2013,42.574
MAC000003,14-01-2013,40.057
MAC000003,15-01-2013,35.001
MAC000003,16-01-2013,36.17
MAC000003,17-01-2013,37.327
MAC000003,18-01-2013,47.99
MAC000003,19-01-2013,46.483
MAC000003,20-01-2013,43.496
MAC000003,21-01-2013,45.641
MAC000003,22-01-2013,40.698
MAC000003,23-01-2013,42.639
MAC000003,24-01-2013,43.096
MAC000003,25-01-2013,40.106
MAC000003,26-01-2013,41.21
MAC000003,27-01-2013,40.569
MAC000003,28-01-2013,19.75
MAC000003,29-01-2013,18.79
MAC000003,30-01-2013,17.891
MAC000003,31-01-2013,21.224
MAC000003,01-02-2013,21.759
MAC000003,02-02-2013,40.441
MAC000003,03-02-2013,43.321
MAC000003,04-02-2013,39.737
MAC000003,05-02-2013,40.286
MAC000003,06-02-2013,43.625
MAC000003,07-02-2013,42.32
MAC000003,08-02-2013,41.473
MAC000003,09-02-2013,40.345
MAC000003,10-02-2013,42.594
MAC000003,11-02-2013,41.367
MAC000003,12-02-2013,40.765
MAC000003,13-02-2013,41.606
MAC000003,14-02-2013,40.257
MAC000003,15-02-2013,41.006
MAC000003,16-02-2013,42.039
MAC000003,17-02-2013,26.182
MAC000003,18-02-2013,24.43
MAC000003,19-02-2013,21.235
MAC000003,20-02-2013,24.387
MAC000003,21-02-2013,45.157
MAC000003,22-02-2013,43.29
MAC000003,23-02-2013,40.939
MAC000003,24-02-2013,43.358
MAC000003,25-02-2013,41.769
MAC000003,26-02-2013,38.933
MAC000003,27-02-2013,42.413
MAC000003,28-02-2013,40.041
MAC000003,01-03-2013,42.63
MAC000003,02-03-2013,41.497
MAC000003,03-03-2013,45.066
MAC000003,04-03-2013,48.269
MAC000003,05-03-2013,41.916
MAC000003,06-03-2013,41.119
MAC000003,07-03-2013,35.237
MAC000003,08-03-2013,36.999
MAC000003,09-03-2013,16.717
MAC000003,10-03-2013,44.955
MAC000003,11-03-2013,40.821
MAC000003,12-03-2013,39.762
MAC000003,13-03-2013,40.745
MAC000003,14-03-2013,44.253
MAC000003,15-03-2013,42.189
MAC000003,16-03-2013,39.08
MAC000003,17-03-2013,2.984
MAC000003,18-03-2013,2.121
MAC000003,19-03-2013,1.705
MAC000003,20-03-2013,1.536
MAC000003,21-03-2013,1.452
MAC000003,22-03-2013,1.861
MAC000003,23-03-2013,1.496
MAC000003,24-03-2013,1.55
MAC000003,25-03-2013,35.577
MAC000003,26-03-2013,50.759
MAC000003,27-03-2013,42.253
MAC000003,28-03-2013,43.769
MAC000003,29-03-2013,43.583
MAC000003,30-03-2013,41.766
MAC000003,31-03-2013,42.014
MAC000003,01-04-2013,44.373
MAC000003,02-04-2013,43.266
MAC000003,03-04-2013,43.664
MAC000003,04-04-2013,41.023
MAC000003,05-04-2013,43.782
MAC000003,06-04-2013,40.892
MAC000003,07-04-2013,43.064
MAC000003,08-04-2013,42.396
MAC000003,09-04-2013,42.251
MAC000003,10-04-2013,41.451
MAC000003,11-04-2013,40.561
MAC000003,12-04-2013,14.953
MAC000003,13-04-2013,12.449
MAC000003,14-04-2013,11.82
MAC000003,15-04-2013,13.033
MAC000003,16-04-2013,13.317
MAC000003,17-04-2013,14.715
MAC000003,18-04-2013,14.435
MAC000003,19-04-2013,12.945
MAC000003,20-04-2013,13.007
MAC000003,21-04-2013,12.213
MAC000003,22-04-2013,11.282
MAC000003,23-04-2013,12.686
MAC000003,24-04-2013,14.341
MAC000003,25-04-2013,14.879
MAC000003,26-04-2013,13.553
MAC000003,27-04-2013,12.112
MAC000003,28-04-2013,12.708
MAC000003,29-04-2013,14.978
MAC000003,30-04-2013,12.109
MAC000003,01-05-2013,12.076
MAC000003,02-05-2013,14.199
MAC000003,03-05-2013,14.96
MAC000003,04-05-2013,10.892
MAC000003,05-05-2013,11.642
MAC000003,06-05-2013,11.375
MAC000003,07-05-2013,10.549
MAC000003,08-05-2013,10.085
MAC000003,09-05-2013,11.402
MAC000003,10-05-2013,10.989
MAC000003,11-05-2013,11.797
MAC000003,12-05-2013,14.059
MAC000003,13-05-2013,13.366
MAC000003,14-05-2013,11.375
MAC000003,15-05-2013,11.56
MAC000003,16-05-2013,11.669
MAC000003,17-05-2013,10.978
MAC000003,18-05-2013,13.025
MAC000003,19-05-2013,10.468
MAC000003,20-05-2013,10.867
MAC000003,21-05-2013,12.55
MAC000003,22-05-2013,11.762
MAC000003,23-05-2013,11.818
MAC000003,24-05-2013,9.443
MAC000003,25-05-2013,13.288
MAC000003,26-05-2013,10.409
MAC000003,27-05-2013,19.107
MAC000003,28-05-2013,12.11
MAC000003,29-05-2013,12.136
MAC000003,30-05-2013,11.037
MAC000003,31-05-2013,13.18
MAC000003,01-06-2013,11.276
MAC000003,02-06-2013,12.707
MAC000003,03-06-2013,10.841
MAC000003,04-06-2013,10.538
MAC000003,05-06-2013,11.301
MAC000003,06-06-2013,12.234
MAC000003,07-06-2013,11.789
MAC000003,08-06-2013,10.84
MAC000003,09-06-2013,11.799
MAC000003,10-06-2013,10.91
MAC000003,11-06-2013,14.187
MAC000003,12-06-2013,10.921
MAC000003,13-06-2013,11.531
MAC000003,14-06-2013,10.699
MAC000003,15-06-2013,10.996
MAC000003,16-06-2013,15.5
MAC000003,17-06-2013,14.096
MAC000003,18-06-2013,10.813
MAC000003,19-06-2013,12.458
MAC000003,20-06-2013,11.191
MAC000003,21-06-2013,11.437
MAC000003,22-06-2013,13.003
MAC000003,23-06-2013,14.935
MAC000003,24-06-2013,12.129
MAC000003,25-06-2013,12.359
MAC000003,26-06-2013,11.636
MAC000003,27-06-2013,12.824
MAC000003,28-06-2013,11.666
MAC000003,29-06-2013,10.799
MAC000003,30-06-2013,12.56
MAC000003,01-07-2013,13.428
MAC000003,02-07-2013,11.163
MAC000003,03-07-2013,10.803
MAC000003,04-07-2013,10.853
MAC000003,05-07-2013,11.651
MAC000003,06-07-2013,11.026
MAC000003,07-07-2013,10.949
MAC000003,08-07-2013,14.086
MAC000003,09-07-2013,10.844
MAC000003,10-07-2013,11.035
MAC000003,11-07-2013,10.36
MAC000003,12-07-2013,11.275
MAC000003,13-07-2013,11.762
MAC000003,14-07-2013,12.89
MAC000003,15-07-2013,12.142
MAC000003,16-07-2013,12.207
MAC000003,17-07-2013,10.975
MAC000003,18-07-2013,11.681
MAC000003,19-07-2013,12.421
MAC000003,20-07-2013,11.622
MAC000003,21-07-2013,10.691
MAC000003,22-07-2013,13.044
MAC000003,23-07-2013,11.149
MAC000003,24-07-2013,12.548
MAC000003,25-07-2013,12.136
MAC000003,26-07-2013,14.191
MAC000003,27-07-2013,12.228
MAC000003,28-07-2013,10.463
MAC000003,29-07-2013,12.737
MAC000003,30-07-2013,11.323
MAC000003,31-07-2013,15.017
MAC000003,01-08-2013,14.434
MAC000003,02-08-2013,12.097
MAC000003,03-08-2013,10.218
MAC000003,04-08-2013,12.464
MAC000003,05-08-2013,11.364
MAC000003,06-08-2013,11.289
MAC000003,07-08-2013,10.049
MAC000003,08-08-2013,11.997
MAC000003,09-08-2013,12.003
MAC000003,10-08-2013,12.152
MAC000003,11-08-2013,13.253
MAC000003,12-08-2013,12.548
MAC000003,13-08-2013,10.83
MAC000003,14-08-2013,11.086
MAC000003,15-08-2013,12.276
MAC000003,16-08-2013,10.948
MAC000003,17-08-2013,11.476
MAC000003,18-08-2013,10.104
MAC000003,19-08-2013,12.195
MAC000003,20-08-2013,11.644
MAC000003,21-08-2013,10.493
MAC000003,22-08-2013,9.988
MAC000003,23-08-2013,11.917
MAC000003,24-08-2013,11.724
MAC000003,25-08-2013,9.709
MAC000003,26-08-2013,12.002
MAC000003,27-08-2013,12.018
MAC000003,28-08-2013,9.44
MAC000003,29-08-2013,10.808
MAC000003,30-08-2013,12.22
MAC000003,31-08-2013,11.371
MAC000003,01-09-2013,10.59
MAC000003,02-09-2013,15.157
MAC000003,03-09-2013,14.881
MAC000003,04-09-2013,14.34
MAC000003,05-09-2013,12.432
MAC000003,06-09-2013,12.056
MAC000003,07-09-2013,11.395
MAC000003,08-09-2013,10.279
MAC000003,09-09-2013,12.313
MAC000003,10-09-2013,11.88
MAC000003,11-09-2013,10.738
MAC000003,12-09-2013,11.076
MAC000003,13-09-2013,11.922
MAC000003,14-09-2013,12.623
MAC000003,15-09-2013,12.965
MAC000003,16-09-2013,13.352
MAC000003,17-09-2013,10.66
MAC000003,18-09-2013,13.136
MAC000003,19-09-2013,10.799
MAC000003,20-09-2013,12.124
MAC000003,21-09-2013,10.111
MAC000003,22-09-2013,11.12
MAC000003,23-09-2013,11.426
MAC000003,24-09-2013,9.966
MAC000003,25-09-2013,10.174
MAC000003,26-09-2013,13.842
MAC000003,27-09-2013,12.837
MAC000003,28-09-2013,10.929
MAC000003,29-09-2013,10.76
MAC000003,30-09-2013,12.989
MAC000003,01-10-2013,11.506
MAC000003,02-10-2013,10.285
MAC000003,03-10-2013,11.773
MAC000003,04-10-2013,10.636
MAC000003,05-10-2013,12.693
MAC000003,06-10-2013,13.546
MAC000003,07-10-2013,11.367
MAC000003,08-10-2013,11.521
MAC000003,09-10-2013,10.229
MAC000003,10-10-2013,9.25
MAC000003,11-10-2013,10.669
MAC000003,12-10-2013,11.349
MAC000003,13-10-2013,9.612
MAC000003,14-10-2013,12.512
MAC000003,15-10-2013,11.559
MAC000003,16-10-2013,11.386
MAC000003,17-10-2013,9.473
MAC000003,18-10-2013,12.154
MAC000003,19-10-2013,11.461
MAC000003,20-10-2013,10.673
MAC000003,21-10-2013,11.013
MAC000003,22-10-2013,10.31
MAC000003,23-10-2013,10.332
MAC000003,24-10-2013,9.794
MAC000003,25-10-2013,11.828
MAC000003,26-10-2013,12.587
MAC000003,27-10-2013,14.2
MAC000003,28-10-2013,12.095
MAC000003,29-10-2013,10.19
MAC000003,30-10-2013,10.533
MAC000003,31-10-2013,11.735
MAC000003,01-11-2013,13.477
MAC000003,02-11-2013,11.235
MAC000003,03-11-2013,10.496
MAC000003,04-11-2013,12.009
MAC000003,05-11-2013,11.058
MAC000003,06-11-2013,11.882
MAC000003,07-11-2013,12.658
MAC000003,08-11-2013,12.594
MAC000003,09-11-2013,12.741
MAC000003,10-11-2013,13.425
MAC000003,11-11-2013,12.147
MAC000003,12-11-2013,11.352
MAC000003,13-11-2013,12.17
MAC000003,14-11-2013,11.487
MAC000003,15-11-2013,12.865
MAC000003,16-11-2013,13.238
MAC000003,17-11-2013,10.769
MAC000003,18-11-2013,32.315
MAC000003,19-11-2013,31.222
MAC000003,20-11-2013,33.038
MAC000003,21-11-2013,31.01
MAC000003,22-11-2013,31.491
MAC000003,23-11-2013,30.357
MAC000003,24-11-2013,30.478
MAC000003,25-11-2013,31.057
MAC000003,26-11-2013,30.477
MAC000003,27-11-2013,12.326
MAC000003,28-11-2013,14.209
MAC000003,29-11-2013,12.299
MAC000003,30-11-2013,11.147
MAC000003,01-12-2013,11.853
MAC000003,02-12-2013,12.641
MAC000003,03-12-2013,12.181
MAC000003,04-12-2013,11.682
MAC000003,05-12-2013,11.578
MAC000003,06-12-2013,12.62
MAC000003,07-12-2013,12.508
MAC000003,08-12-2013,12.817
MAC000003,09-12-2013,13.456
MAC000003,10-12-2013,11.661
MAC000003,11-12-2013,11.394
MAC000003,12-12-2013,12.213
MAC000003,13-12-2013,11.578
MAC000003,14-12-2013,12.394
MAC000003,15-12-2013,30.816
MAC000003,16-12-2013,30.803
MAC000003,17-12-2013,11.345
MAC000003,18-12-2013,13.26
MAC000003,19-12-2013,10.189
MAC000003,20-12-2013,31.684
MAC000003,21-12-2013,12.944
MAC000003,22-12-2013,11.767
MAC000003,23-12-2013,10.288
MAC000003,24-12-2013,34.059
MAC000003,25-12-2013,33.797
MAC000003,26-12-2013,31.277
MAC000003,27-12-2013,31.533
MAC000003,28-12-2013,12.015
MAC000003,29-12-2013,9.746
MAC000003,30-12-2013,10.722
MAC000003,31-12-2013,10.015
MAC000003,01-01-2014,31.576
MAC000003,02-01-2014,30.035
MAC000003,03-01-2014,11.481
MAC000003,04-01-2014,11.79
MAC000003,05-01-2014,9.797
MAC000003,06-01-2014,10.64
MAC000003,07-01-2014,21.163
MAC000003,08-01-2014,10.786
MAC000003,09-01-2014,9.39
MAC000003,10-01-2014,10.408
MAC000003,11-01-2014,31.715
MAC000003,12-01-2014,33.109
MAC000003,13-01-2014,31.186
MAC000003,14-01-2014,29.585
MAC000003,15-01-2014,30.71
MAC000003,16-01-2014,28.5
MAC000003,17-01-2014,31.077
MAC000003,18-01-2014,9.701
MAC000003,19-01-2014,8.337
MAC000003,20-01-2014,9.013
MAC000003,21-01-2014,29.167
MAC000003,22-01-2014,29.737
MAC000003,23-01-2014,10.079
MAC000003,24-01-2014,9.579
MAC000003,25-01-2014,11.834
MAC000003,26-01-2014,9.457
MAC000003,27-01-2014,29.542
MAC000003,28-01-2014,28.814
MAC000003,29-01-2014,32.513
MAC000003,30-01-2014,29.738
MAC000003,31-01-2014,30.765
MAC000003,01-02-2014,30.043
MAC000003,02-02-2014,28.395
MAC000003,03-02-2014,29.482
MAC000003,04-02-2014,29.121
MAC000003,05-02-2014,29.715
MAC000003,06-02-2014,29.664
MAC000003,07-02-2014,31.878
MAC000003,08-02-2014,10.008
MAC000003,09-02-2014,8.642
MAC000003,10-02-2014,9.946
MAC000003,11-02-2014,9.013
MAC000003,12-02-2014,10.514
MAC000003,13-02-2014,29.785
MAC000003,14-02-2014,30.235
MAC000003,15-02-2014,31.449
MAC000003,16-02-2014,31.791
MAC000003,17-02-2014,29.306
MAC000003,18-02-2014,30.476
MAC000003,19-02-2014,10.609
MAC000003,20-02-2014,8.76
MAC000003,21-02-2014,9.088
MAC000003,22-02-2014,9.767
MAC000003,23-02-2014,10.831
MAC000003,24-02-2014,9.069
MAC000003,25-02-2014,9.686
MAC000003,26-02-2014,9.072
MAC000003,27-02-2014,11.511
MAC000003,28-02-2014,0.14
MAC000004,08-05-2012,0.725
MAC000004,09-05-2012,1.407
MAC000004,10-05-2012,1.59
MAC000004,11-05-2012,1.552
MAC000004,12-05-2012,1.6
MAC000004,13-05-2012,1.544
MAC000004,14-05-2012,1.456
MAC000004,15-05-2012,1.608
MAC000004,16-05-2012,1.616
MAC000004,17-05-2012,1.696
MAC000004,18-05-2012,1.612
MAC000004,19-05-2012,1.52
MAC000004,20-05-2012,1.676
MAC000004,21-05-2012,1.441
MAC000004,22-05-2012,1.601
MAC000004,23-05-2012,1.507
MAC000004,24-05-2012,1.409
MAC000004,25-05-2012,1.52
MAC000004,26-05-2012,1.313
MAC000004,27-05-2012,1.473
MAC000004,28-05-2012,1.297
MAC000004,29-05-2012,1.297
MAC000004,30-05-2012,1.364
MAC000004,31-05-2012,1.521
MAC000004,01-06-2012,1.505
MAC000004,02-06-2012,1.497
MAC000004,03-06-2012,1.557
MAC000004,04-06-2012,1.584
MAC000004,05-06-2012,1.671
MAC000004,06-06-2012,1.498
MAC000004,07-06-2012,1.612
MAC000004,08-06-2012,1.571
MAC000004,09-06-2012,1.59
MAC000004,10-06-2012,1.61
MAC000004,11-06-2012,1.582
MAC000004,12-06-2012,1.568
MAC000004,13-06-2012,1.682
MAC000004,14-06-2012,1.454
MAC000004,15-06-2012,0
MAC000004,16-06-2012,1.445
MAC000004,17-06-2012,1.496
MAC000004,18-06-2012,1.533
MAC000004,19-06-2012,2.149
MAC000004,20-06-2012,1.535
MAC000004,21-06-2012,1.362
MAC000004,22-06-2012,1.699
MAC000004,23-06-2012,1.907
MAC000004,24-06-2012,1.723
MAC000004,25-06-2012,2.115
MAC000004,26-06-2012,1.819
MAC000004,27-06-2012,1.621
MAC000004,28-06-2012,1.261
MAC000004,29-06-2012,1.4
MAC000004,30-06-2012,1.559
MAC000004,01-07-2012,1.405
MAC000004,02-07-2012,1.45
MAC000004,03-07-2012,1.687
MAC000004,04-07-2012,1.422
MAC000004,05-07-2012,1.445
MAC000004,06-07-2012,1.426
MAC000004,07-07-2012,1.574
MAC000004,08-07-2012,1.446
MAC000004,09-07-2012,1.621
MAC000004,10-07-2012,1.432
MAC000004,11-07-2012,1.523
MAC000004,12-07-2012,1.462
MAC000004,13-07-2012,1.627
MAC000004,14-07-2012,1.373
MAC000004,15-07-2012,1.582
MAC000004,16-07-2012,1.528
MAC000004,17-07-2012,1.583
MAC000004,18-07-2012,1.506
MAC000004,19-07-2012,1.392
MAC000004,20-07-2012,1.553
MAC000004,21-07-2012,1.422
MAC000004,22-07-2012,1.498
MAC000004,23-07-2012,1.401
MAC000004,24-07-2012,1.416
MAC000004,25-07-2012,1.333
MAC000004,26-07-2012,1.207
MAC000004,27-07-2012,1.439
MAC000004,28-07-2012,1.382
MAC000004,29-07-2012,1.515
MAC000004,30-07-2012,1.435
MAC000004,31-07-2012,1.709
MAC000004,01-08-2012,1.591
MAC000004,02-08-2012,1.478
MAC000004,03-08-2012,1.414
MAC000004,04-08-2012,1.694
MAC000004,05-08-2012,1.9
MAC000004,06-08-2012,1.527
MAC000004,07-08-2012,1.358
MAC000004,08-08-2012,1.551
MAC000004,09-08-2012,1.428
MAC000004,10-08-2012,1.405
MAC000004,11-08-2012,1.43
MAC000004,12-08-2012,1.518
MAC000004,13-08-2012,1.901
MAC000004,14-08-2012,1.831
MAC000004,15-08-2012,1.405
MAC000004,16-08-2012,1.49
MAC000004,17-08-2012,1.408
MAC000004,18-08-2012,1.423
MAC000004,19-08-2012,1.285
MAC000004,20-08-2012,1.372
MAC000004,21-08-2012,1.549
MAC000004,22-08-2012,1.526
MAC000004,23-08-2012,1.429
MAC000004,24-08-2012,1.379
MAC000004,25-08-2012,1.583
MAC000004,26-08-2012,1.462
MAC000004,27-08-2012,1.625
MAC000004,28-08-2012,1.441
MAC000004,29-08-2012,1.567
MAC000004,30-08-2012,1.542
MAC000004,31-08-2012,1.722
MAC000004,01-09-2012,1.418
MAC000004,02-09-2012,1.563
MAC000004,03-09-2012,1.604
MAC000004,04-09-2012,1.394
MAC000004,05-09-2012,1.513
MAC000004,06-09-2012,1.46
MAC000004,07-09-2012,1.61
MAC000004,08-09-2012,1.474
MAC000004,09-09-2012,1.434
MAC000004,10-09-2012,1.557
MAC000004,11-09-2012,1.499
MAC000004,12-09-2012,1.65
MAC000004,13-09-2012,1.475
MAC000004,14-09-2012,1.518
MAC000004,15-09-2012,1.56
MAC000004,16-09-2012,1.581
MAC000004,17-09-2012,1.613
MAC000004,18-09-2012,1.547
MAC000004,19-09-2012,1.604
MAC000004,20-09-2012,1.714
MAC000004,21-09-2012,1.456
MAC000004,22-09-2012,1.53
MAC000004,23-09-2012,1.719
MAC000004,24-09-2012,1.614
MAC000004,25-09-2012,1.747
MAC000004,26-09-2012,1.602
MAC000004,27-09-2012,1.572
MAC000004,28-09-2012,1.543
MAC000004,29-09-2012,1.812
MAC000004,30-09-2012,1.521
MAC000004,01-10-2012,1.618
MAC000004,02-10-2012,1.659
MAC000004,03-10-2012,1.65
MAC000004,04-10-2012,1.452
MAC000004,05-10-2012,1.746
MAC000004,06-10-2012,1.719
MAC000004,07-10-2012,7.354
MAC000004,08-10-2012,4.384
MAC000004,09-10-2012,1.849
MAC000004,10-10-2012,1.858
MAC000004,11-10-2012,1.61
MAC000004,12-10-2012,1.522
MAC000004,13-10-2012,1.728
MAC000004,14-10-2012,1.862
MAC000004,15-10-2012,1.812
MAC000004,16-10-2012,1.538
MAC000004,17-10-2012,1.59
MAC000004,18-10-2012,1.895
MAC000004,19-10-2012,1.597
MAC000004,20-10-2012,1.613
MAC000004,21-10-2012,1.671
MAC000004,22-10-2012,1.532
MAC000004,23-10-2012,1.746
MAC000004,24-10-2012,1.502
MAC000004,25-10-2012,1.729
MAC000004,26-10-2012,1.665
MAC000004,27-10-2012,1.8
MAC000004,28-10-2012,1.775
MAC000004,29-10-2012,1.576
MAC000004,30-10-2012,1.73
MAC000004,31-10-2012,2.051
MAC000004,01-11-2012,1.59
MAC000004,02-11-2012,1.804
MAC000004,03-11-2012,1.626
MAC000004,04-11-2012,1.663
MAC000004,05-11-2012,1.889
MAC000004,06-11-2012,1.647
MAC000004,07-11-2012,1.727
MAC000004,08-11-2012,1.698
MAC000004,09-11-2012,1.675
MAC000004,10-11-2012,1.553
MAC000004,11-11-2012,1.684
MAC000004,12-11-2012,1.797
MAC000004,13-11-2012,1.645
MAC000004,14-11-2012,1.729
MAC000004,15-11-2012,1.553
MAC000004,16-11-2012,1.775
MAC000004,17-11-2012,2.373
MAC000004,18-11-2012,3.6
MAC000004,19-11-2012,3.416
MAC000004,20-11-2012,1.897
MAC000004,21-11-2012,1.764
MAC000004,22-11-2012,1.718
MAC000004,23-11-2012,1.662
MAC000004,24-11-2012,1.685
MAC000004,25-11-2012,1.679
MAC000004,26-11-2012,1.702
MAC000004,27-11-2012,1.815
MAC000004,28-11-2012,1.836
MAC000004,29-11-2012,1.606
MAC000004,30-11-2012,1.89
MAC000004,01-12-2012,1.797
MAC000004,02-12-2012,1.643
MAC000004,03-12-2012,1.78
MAC000004,04-12-2012,2.147
MAC000004,05-12-2012,1.662
MAC000004,06-12-2012,1.902
MAC000004,07-12-2012,1.774
MAC000004,08-12-2012,1.741
MAC000004,09-12-2012,1.832
MAC000004,10-12-2012,1.763
MAC000004,11-12-2012,1.761
MAC000004,12-12-2012,1.846
MAC000004,13-12-2012,1.921
MAC000004,14-12-2012,1.955
MAC000004,15-12-2012,1.646
MAC000004,16-12-2012,1.705
MAC000004,17-12-2012,1.853
MAC000004,18-12-2012,1.788
MAC000004,19-12-2012,1.657
MAC000004,20-12-2012,1.706
MAC000004,21-12-2012,1.966
MAC000004,22-12-2012,1.887
MAC000004,23-12-2012,1.864
MAC000004,24-12-2012,1.814
MAC000004,25-12-2012,1.835
MAC000004,26-12-2012,1.742
MAC000004,27-12-2012,2.708
MAC000004,28-12-2012,4.876
MAC000004,29-12-2012,3.305
MAC000004,30-12-2012,2.792
MAC000004,31-12-2012,1.762
MAC000004,01-01-2013,1.753
MAC000004,02-01-2013,1.916
MAC000004,03-01-2013,1.722
MAC000004,04-01-2013,1.747
MAC000004,05-01-2013,1.614
MAC000004,06-01-2013,1.858
MAC000004,07-01-2013,1.607
MAC000004,08-01-2013,1.743
MAC000004,09-01-2013,1.712
MAC000004,10-01-2013,1.741
MAC000004,11-01-2013,1.739
MAC000004,12-01-2013,1.802
MAC000004,13-01-2013,1.803
MAC000004,14-01-2013,1.952
MAC000004,15-01-2013,1.745
MAC000004,16-01-2013,1.726
MAC000004,17-01-2013,1.805
MAC000004,18-01-2013,1.893
MAC000004,19-01-2013,1.902
MAC000004,20-01-2013,1.704
MAC000004,21-01-2013,2.004
MAC000004,22-01-2013,2.04
MAC000004,23-01-2013,1.611
MAC000004,24-01-2013,1.907
MAC000004,25-01-2013,1.777
MAC000004,26-01-2013,1.847
MAC000004,27-01-2013,1.677
MAC000004,28-01-2013,1.871
MAC000004,29-01-2013,2.284
MAC000004,30-01-2013,1.711
MAC000004,31-01-2013,1.755
MAC000004,01-02-2013,1.762
MAC000004,02-02-2013,2.16
MAC000004,03-02-2013,5.944
MAC000004,04-02-2013,4.326
MAC000004,05-02-2013,1.627
MAC000004,06-02-2013,1.822
MAC000004,07-02-2013,1.816
MAC000004,08-02-2013,1.79
MAC000004,09-02-2013,1.663
MAC000004,10-02-2013,1.837
MAC000004,11-02-2013,1.815
MAC000004,12-02-2013,1.828
MAC000004,13-02-2013,1.856
MAC000004,14-02-2013,1.658
MAC000004,15-02-2013,1.805
MAC000004,16-02-2013,1.804
MAC000004,17-02-2013,1.646
MAC000004,18-02-2013,1.71
MAC000004,19-02-2013,1.884
MAC000004,20-02-2013,1.764
MAC000004,21-02-2013,1.789
MAC000004,22-02-2013,1.908
MAC000004,23-02-2013,1.675
MAC000004,24-02-2013,1.782
MAC000004,25-02-2013,1.925
MAC000004,26-02-2013,1.743
MAC000004,27-02-2013,1.89
MAC000004,28-02-2013,1.746
MAC000004,01-03-2013,1.762
MAC000004,02-03-2013,1.733
MAC000004,03-03-2013,1.802
MAC000004,04-03-2013,1.728
MAC000004,05-03-2013,1.646
MAC000004,06-03-2013,1.594
MAC000004,07-03-2013,1.705
MAC000004,08-03-2013,1.739
MAC000004,09-03-2013,1.566
MAC000004,10-03-2013,1.782
MAC000004,11-03-2013,1.769
MAC000004,12-03-2013,1.831
MAC000004,13-03-2013,1.807
MAC000004,14-03-2013,1.604
MAC000004,15-03-2013,1.749
MAC000004,16-03-2013,1.806
MAC000004,17-03-2013,1.994
MAC000004,18-03-2013,3.044
MAC000004,19-03-2013,2.352
MAC000004,20-03-2013,2.185
MAC000004,21-03-2013,2.101
MAC000004,22-03-2013,2.549
MAC000004,23-03-2013,2.036
MAC000004,24-03-2013,2.542
MAC000004,25-03-2013,1.898
MAC000004,26-03-2013,2.319
MAC000004,27-03-2013,1.82
MAC000004,28-03-2013,1.718
MAC000004,29-03-2013,1.637
MAC000004,30-03-2013,1.711
MAC000004,31-03-2013,1.813
MAC000004,01-04-2013,1.775
MAC000004,02-04-2013,1.754
MAC000004,03-04-2013,1.829
MAC000004,04-04-2013,1.736
MAC000004,05-04-2013,1.694
MAC000004,06-04-2013,1.635
MAC000004,07-04-2013,1.847
MAC000004,08-04-2013,1.635
MAC000004,09-04-2013,1.659
MAC000004,10-04-2013,1.808
MAC000004,11-04-2013,1.766
MAC000004,12-04-2013,1.625
MAC000004,13-04-2013,1.777
MAC000004,14-04-2013,1.763
MAC000004,15-04-2013,1.604
MAC000004,16-04-2013,1.614
MAC000004,17-04-2013,1.558
MAC000004,18-04-2013,1.626
MAC000004,19-04-2013,1.738
MAC000004,20-04-2013,1.799
MAC000004,21-04-2013,1.631
MAC000004,22-04-2013,1.677
MAC000004,23-04-2013,1.592
MAC000004,24-04-2013,1.578
MAC000004,25-04-2013,1.436
MAC000004,26-04-2013,1.691
MAC000004,27-04-2013,1.63
MAC000004,28-04-2013,1.618
MAC000004,29-04-2013,1.696
MAC000004,30-04-2013,1.639
MAC000004,01-05-2013,1.525
MAC000004,02-05-2013,1.606
MAC000004,03-05-2013,1.513
MAC000004,04-05-2013,1.719
MAC000004,05-05-2013,1.556
MAC000004,06-05-2013,1.409
MAC000004,07-05-2013,1.613
MAC000004,08-05-2013,1.485
MAC000004,09-05-2013,1.611
MAC000004,10-05-2013,1.599
MAC000004,11-05-2013,1.555
MAC000004,12-05-2013,1.641
MAC000004,13-05-2013,1.778
MAC000004,14-05-2013,1.638
MAC000004,15-05-2013,1.605
MAC000004,16-05-2013,1.625
MAC000004,17-05-2013,1.612
MAC000004,18-05-2013,1.797
MAC000004,19-05-2013,1.467
MAC000004,20-05-2013,1.706
MAC000004,21-05-2013,1.616
MAC000004,22-05-2013,1.534
MAC000004,23-05-2013,1.629
MAC000004,24-05-2013,1.72
MAC000004,25-05-2013,1.688
MAC000004,26-05-2013,1.561
MAC000004,27-05-2013,1.653
MAC000004,28-05-2013,1.62
MAC000004,29-05-2013,1.572
MAC000004,30-05-2013,1.715
MAC000004,31-05-2013,1.593
MAC000004,01-06-2013,1.549
MAC000004,02-06-2013,1.475
MAC000004,03-06-2013,1.846
MAC000004,04-06-2013,1.557
MAC000004,05-06-2013,1.415
MAC000004,06-06-2013,1.63
MAC000004,07-06-2013,1.447
MAC000004,08-06-2013,1.635
MAC000004,09-06-2013,1.633
MAC000004,10-06-2013,1.552
MAC000004,11-06-2013,1.655
MAC000004,12-06-2013,1.577
MAC000004,13-06-2013,1.661
MAC000004,14-06-2013,1.487
MAC000004,15-06-2013,1.713
MAC000004,16-06-2013,2.679
MAC000004,17-06-2013,3.681
MAC000004,18-06-2013,3.351
MAC000004,19-06-2013,1.545
MAC000004,20-06-2013,1.49
MAC000004,21-06-2013,1.407
MAC000004,22-06-2013,1.622
MAC000004,23-06-2013,1.601
MAC000004,24-06-2013,1.531
MAC000004,25-06-2013,1.542
MAC000004,26-06-2013,1.539
MAC000004,27-06-2013,1.56
MAC000004,28-06-2013,1.607
MAC000004,29-06-2013,1.44
MAC000004,30-06-2013,1.452
MAC000004,01-07-2013,1.402
MAC000004,02-07-2013,1.616
MAC000004,03-07-2013,1.469
MAC000004,04-07-2013,1.506
MAC000004,05-07-2013,1.388
MAC000004,06-07-2013,1.526
MAC000004,07-07-2013,1.261
MAC000004,08-07-2013,1.455
MAC000004,09-07-2013,1.487
MAC000004,10-07-2013,1.275
MAC000004,11-07-2013,1.518
MAC000004,12-07-2013,1.422
MAC000004,13-07-2013,1.394
MAC000004,14-07-2013,1.484
MAC000004,15-07-2013,1.255
MAC000004,16-07-2013,1.367
MAC000004,17-07-2013,1.326
MAC000004,18-07-2013,1.182
MAC000004,19-07-2013,1.306
MAC000004,20-07-2013,1.452
MAC000004,21-07-2013,1.4
MAC000004,22-07-2013,1.262
MAC000004,23-07-2013,1.363
MAC000004,24-07-2013,1.325
MAC000004,25-07-2013,1.422
MAC000004,26-07-2013,1.24
MAC000004,27-07-2013,1.451
MAC000004,28-07-2013,1.409
MAC000004,29-07-2013,1.382
MAC000004,30-07-2013,1.538
MAC000004,31-07-2013,1.391
MAC000004,01-08-2013,1.37
MAC000004,02-08-2013,1.374
MAC000004,03-08-2013,1.434
MAC000004,04-08-2013,1.41
MAC000004,05-08-2013,1.452
MAC000004,06-08-2013,1.425
MAC000004,07-08-2013,1.501
MAC000004,08-08-2013,1.374
MAC000004,09-08-2013,1.449
MAC000004,10-08-2013,1.418
MAC000004,11-08-2013,1.58
MAC000004,12-08-2013,1.515
MAC000004,13-08-2013,1.402
MAC000004,14-08-2013,1.563
MAC000004,15-08-2013,1.483
MAC000004,16-08-2013,1.386
MAC000004,17-08-2013,1.58
MAC000004,18-08-2013,1.438
MAC000004,19-08-2013,1.541
MAC000004,20-08-2013,1.453
MAC000004,21-08-2013,1.52
MAC000004,22-08-2013,1.459
MAC000004,23-08-2013,1.401
MAC000004,24-08-2013,1.537
MAC000004,25-08-2013,1.511
MAC000004,26-08-2013,1.473
MAC000004,27-08-2013,1.528
MAC000004,28-08-2013,1.385
MAC000004,29-08-2013,1.44
MAC000004,30-08-2013,1.465
MAC000004,31-08-2013,1.495
MAC000004,01-09-2013,1.512
MAC000004,02-09-2013,1.545
MAC000004,03-09-2013,1.404
MAC000004,04-09-2013,1.357
MAC000004,05-09-2013,1.504
MAC000004,06-09-2013,1.448
MAC000004,07-09-2013,1.432
MAC000004,08-09-2013,1.535
MAC000004,09-09-2013,1.612
MAC000004,10-09-2013,1.634
MAC000004,11-09-2013,1.604
MAC000004,12-09-2013,1.769
MAC000004,13-09-2013,1.565
MAC000004,14-09-2013,1.578
MAC000004,15-09-2013,1.608
MAC000004,16-09-2013,1.736
MAC000004,17-09-2013,1.637
MAC000004,18-09-2013,1.631
MAC000004,19-09-2013,1.589
MAC000004,20-09-2013,1.635
MAC000004,21-09-2013,1.697
MAC000004,22-09-2013,1.681
MAC000004,23-09-2013,1.421
MAC000004,24-09-2013,1.636
MAC000004,25-09-2013,1.59
MAC000004,26-09-2013,1.666
MAC000004,27-09-2013,1.572
MAC000004,28-09-2013,1.719
MAC000004,29-09-2013,1.564
MAC000004,30-09-2013,1.719
MAC000004,01-10-2013,1.609
MAC000004,02-10-2013,1.569
MAC000004,03-10-2013,1.591
MAC000004,04-10-2013,1.556
MAC000004,05-10-2013,1.571
MAC000004,06-10-2013,1.579
MAC000004,07-10-2013,1.632
MAC000004,08-10-2013,1.663
MAC000004,09-10-2013,1.638
MAC000004,10-10-2013,1.687
MAC000004,11-10-2013,1.618
MAC000004,12-10-2013,1.625
MAC000004,13-10-2013,1.839
MAC000004,14-10-2013,1.595
MAC000004,15-10-2013,1.74
MAC000004,16-10-2013,1.755
MAC000004,17-10-2013,1.695
MAC000004,18-10-2013,1.675
MAC000004,19-10-2013,1.535
MAC000004,20-10-2013,1.76
MAC000004,21-10-2013,1.594
MAC000004,22-10-2013,1.71
MAC000004,23-10-2013,1.608
MAC000004,24-10-2013,1.72
MAC000004,25-10-2013,1.582
MAC000004,26-10-2013,1.757
MAC000004,27-10-2013,1.646
MAC000004,28-10-2013,1.692
MAC000004,29-10-2013,1.748
MAC000004,30-10-2013,1.657
MAC000004,31-10-2013,1.751
MAC000004,01-11-2013,1.628
MAC000004,02-11-2013,1.813
MAC000004,03-11-2013,1.799
MAC000004,04-11-2013,1.873
MAC000004,05-11-2013,1.514
MAC000004,06-11-2013,1.676
MAC000004,07-11-2013,1.751
MAC000004,08-11-2013,1.585
MAC000004,09-11-2013,1.867
MAC000004,10-11-2013,1.596
MAC000004,11-11-2013,1.727
MAC000004,12-11-2013,1.729
MAC000004,13-11-2013,1.736
MAC000004,14-11-2013,1.601
MAC000004,15-11-2013,1.768
MAC000004,16-11-2013,1.69
MAC000004,17-11-2013,1.841
MAC000004,18-11-2013,1.7
MAC000004,19-11-2013,1.767
MAC000004,20-11-2013,1.755
MAC000004,21-11-2013,1.713
MAC000004,22-11-2013,1.812
MAC000004,23-11-2013,1.594
MAC000004,24-11-2013,1.769
MAC000004,25-11-2013,1.775
MAC000004,26-11-2013,1.695
MAC000004,27-11-2013,2.016
MAC000004,28-11-2013,1.721
MAC000004,29-11-2013,1.614
MAC000004,30-11-2013,1.77
MAC000004,01-12-2013,1.69
MAC000004,02-12-2013,1.767
MAC000004,03-12-2013,1.636
MAC000004,04-12-2013,1.806
MAC000004,05-12-2013,1.74
MAC000004,06-12-2013,1.996
MAC000004,07-12-2013,1.768
MAC000004,08-12-2013,1.54
MAC000004,09-12-2013,1.729
MAC000004,10-12-2013,1.772
MAC000004,11-12-2013,1.634
MAC000004,12-12-2013,1.781
MAC000004,13-12-2013,1.713
MAC000004,14-12-2013,1.802
MAC000004,15-12-2013,1.579
MAC000004,16-12-2013,1.988
MAC000004,17-12-2013,1.766
MAC000004,18-12-2013,1.749
MAC000004,19-12-2013,1.722
MAC000004,20-12-2013,1.624
MAC000004,21-12-2013,1.956
MAC000004,22-12-2013,1.619
MAC000004,23-12-2013,1.734
MAC000004,24-12-2013,1.826
MAC000004,25-12-2013,1.706
MAC000004,26-12-2013,1.869
MAC000004,27-12-2013,1.758
MAC000004,28-12-2013,1.918
MAC000004,29-12-2013,1.734
MAC000004,30-12-2013,1.829
MAC000004,31-12-2013,1.913
MAC000004,01-01-2014,1.79
MAC000004,02-01-2014,1.673
MAC000004,03-01-2014,1.946
MAC000004,04-01-2014,1.625
MAC000004,05-01-2014,1.805
MAC000004,06-01-2014,1.736
MAC000004,07-01-2014,1.737
MAC000004,08-01-2014,1.613
MAC000004,09-01-2014,1.822
MAC000004,10-01-2014,1.679
MAC000004,11-01-2014,1.691
MAC000004,12-01-2014,1.842
MAC000004,13-01-2014,1.853
MAC000004,14-01-2014,1.627
MAC000004,15-01-2014,1.895
MAC000004,16-01-2014,1.567
MAC000004,17-01-2014,1.713
MAC000004,18-01-2014,1.733
MAC000004,19-01-2014,1.775
MAC000004,20-01-2014,1.794
MAC000004,21-01-2014,1.665
MAC000004,22-01-2014,1.964
MAC000004,23-01-2014,1.585
MAC000004,24-01-2014,1.729
MAC000004,25-01-2014,1.764
MAC000004,26-01-2014,1.581
MAC000004,27-01-2014,1.951
MAC000004,28-01-2014,1.701
MAC000004,29-01-2014,1.779
MAC000004,30-01-2014,1.792
MAC000004,31-01-2014,1.709
MAC000004,01-02-2014,1.822
MAC000004,02-02-2014,1.77
MAC000004,03-02-2014,1.677
MAC000004,04-02-2014,1.789
MAC000004,05-02-2014,1.829
MAC000004,06-02-2014,1.691
MAC000004,07-02-2014,1.854
MAC000004,08-02-2014,1.608
MAC000004,09-02-2014,1.726
MAC000004,10-02-2014,1.72
MAC000004,11-02-2014,1.792
MAC000004,12-02-2014,1.7
MAC000004,13-02-2014,1.794
MAC000004,14-02-2014,1.777
MAC000004,15-02-2014,1.653
MAC000004,16-02-2014,1.86
MAC000004,17-02-2014,1.605
MAC000004,18-02-2014,1.753
MAC000004,19-02-2014,1.802
MAC000004,20-02-2014,1.632
MAC000004,21-02-2014,1.758
MAC000004,22-02-2014,1.571
MAC000004,23-02-2014,1.875
MAC000004,24-02-2014,1.696
MAC000004,25-02-2014,1.751
MAC000004,26-02-2014,1.807
MAC000004,27-02-2014,1.588
MAC000004,28-02-2014,0.162
MAC000005,01-06-2012,2.866
MAC000005,02-06-2012,4.79
MAC000005,03-06-2012,5.447
MAC000005,04-06-2012,6.703
MAC000005,05-06-2012,5.056
MAC000005,06-06-2012,3.663
MAC000005,07-06-2012,3.863
MAC000005,08-06-2012,3.935
MAC000005,09-06-2012,2.612
MAC000005,10-06-2012,3.208
MAC000005,11-06-2012,5.173
MAC000005,12-06-2012,3.164
MAC000005,13-06-2012,3.89
MAC000005,14-06-2012,4.07
MAC000005,15-06-2012,0.032
MAC000005,16-06-2012,3.755
MAC000005,17-06-2012,3.005
MAC000005,18-06-2012,4.546
MAC000005,19-06-2012,4.591
MAC000005,20-06-2012,3.511
MAC000005,21-06-2012,4.11
MAC000005,22-06-2012,2.649
MAC000005,23-06-2012,2.386
MAC000005,24-06-2012,3.023
MAC000005,25-06-2012,3.943
MAC000005,26-06-2012,4.146
MAC000005,27-06-2012,3.99
MAC000005,28-06-2012,3.519
MAC000005,29-06-2012,3.491
MAC000005,30-06-2012,4.967
MAC000005,01-07-2012,3.797
MAC000005,02-07-2012,4.255
MAC000005,03-07-2012,4.037
MAC000005,04-07-2012,4.248
MAC000005,05-07-2012,4.657
MAC000005,06-07-2012,3.495
MAC000005,07-07-2012,4.669
MAC000005,08-07-2012,3.54
MAC000005,09-07-2012,4.825
MAC000005,10-07-2012,4.841
MAC000005,11-07-2012,3.891
MAC000005,12-07-2012,4.118
MAC000005,13-07-2012,3.241
MAC000005,14-07-2012,3.035
MAC000005,15-07-2012,4.398
MAC000005,16-07-2012,3.41
MAC000005,17-07-2012,2.853
MAC000005,18-07-2012,3.804
MAC000005,19-07-2012,3.621
MAC000005,20-07-2012,4.08
MAC000005,21-07-2012,3.863
MAC000005,22-07-2012,3.102
MAC000005,23-07-2012,3.868
MAC000005,24-07-2012,2.782
MAC000005,25-07-2012,3.315
MAC000005,26-07-2012,3.459
MAC000005,27-07-2012,4.273
MAC000005,28-07-2012,3.728
MAC000005,29-07-2012,3.319
MAC000005,30-07-2012,3.494
MAC000005,31-07-2012,3.17
MAC000005,01-08-2012,4.812
MAC000005,02-08-2012,3.615
MAC000005,03-08-2012,3.223
MAC000005,04-08-2012,3.999
MAC000005,05-08-2012,3.339
MAC000005,06-08-2012,4.892
MAC000005,07-08-2012,4.127
MAC000005,08-08-2012,3.985
MAC000005,09-08-2012,4.193
MAC000005,10-08-2012,4.081
MAC000005,11-08-2012,7.148
MAC000005,12-08-2012,4.47
MAC000005,13-08-2012,4.108
MAC000005,14-08-2012,4.117
MAC000005,15-08-2012,4.202
MAC000005,16-08-2012,4.773
MAC000005,17-08-2012,2.278
MAC000005,18-08-2012,1.987
MAC000005,19-08-2012,2.068
MAC000005,20-08-2012,3.036
MAC000005,21-08-2012,4.283
MAC000005,22-08-2012,4.181
MAC000005,23-08-2012,4.204
MAC000005,24-08-2012,3.865
MAC000005,25-08-2012,4.383
MAC000005,26-08-2012,4.499
MAC000005,27-08-2012,4.771
MAC000005,28-08-2012,4.555
MAC000005,29-08-2012,4.168
MAC000005,30-08-2012,5.013
MAC000005,31-08-2012,5.036
MAC000005,01-09-2012,4.428
MAC000005,02-09-2012,4.397
MAC000005,03-09-2012,3.797
MAC000005,04-09-2012,4.301
MAC000005,05-09-2012,4.116
MAC000005,06-09-2012,4.295
MAC000005,07-09-2012,3.779
MAC000005,08-09-2012,4.418
MAC000005,09-09-2012,4.042
MAC000005,10-09-2012,2.533
MAC000005,11-09-2012,1.917
MAC000005,12-09-2012,1.808
MAC000005,13-09-2012,1.78
MAC000005,14-09-2012,1.762
MAC000005,15-09-2012,1.759
MAC000005,16-09-2012,2.853
MAC000005,17-09-2012,4.197
MAC000005,18-09-2012,2.988
MAC000005,19-09-2012,4.298
MAC000005,20-09-2012,2.73
MAC000005,21-09-2012,5.044
MAC000005,22-09-2012,4.306
MAC000005,23-09-2012,4.281
MAC000005,24-09-2012,4.563
MAC000005,25-09-2012,4.921
MAC000005,26-09-2012,4.076
MAC000005,27-09-2012,3.905
MAC000005,28-09-2012,4.329
MAC000005,29-09-2012,3.032
MAC000005,30-09-2012,3.653
MAC000005,01-10-2012,5.448
MAC000005,02-10-2012,4.196
MAC000005,03-10-2012,4.275
MAC000005,04-10-2012,4.846
MAC000005,05-10-2012,4.095
MAC000005,06-10-2012,3.938
MAC000005,07-10-2012,4.746
MAC000005,08-10-2012,4.54
MAC000005,09-10-2012,4.383
MAC000005,10-10-2012,4.352
MAC000005,11-10-2012,4.363
MAC000005,12-10-2012,4.448
MAC000005,13-10-2012,5.177
MAC000005,14-10-2012,4.668
MAC000005,15-10-2012,8.097
MAC000005,16-10-2012,3.938
MAC000005,17-10-2012,4.55
MAC000005,18-10-2012,4.427
MAC000005,19-10-2012,4.84
MAC000005,20-10-2012,4.701
MAC000005,21-10-2012,4.132
MAC000005,22-10-2012,4.203
MAC000005,23-10-2012,4.758
MAC000005,24-10-2012,2.986
MAC000005,25-10-2012,3.63
MAC000005,26-10-2012,5.62
MAC000005,27-10-2012,4.356
MAC000005,28-10-2012,4.066
MAC000005,29-10-2012,4.73
MAC000005,30-10-2012,5.238
MAC000005,31-10-2012,4.827
MAC000005,01-11-2012,4.916
MAC000005,02-11-2012,4.691
MAC000005,03-11-2012,5.03
MAC000005,04-11-2012,11.291
MAC000005,05-11-2012,4.311
MAC000005,06-11-2012,4.016
MAC000005,07-11-2012,5.526
MAC000005,08-11-2012,4.122
MAC000005,09-11-2012,5.415
MAC000005,10-11-2012,5.165
MAC000005,11-11-2012,4.043
MAC000005,12-11-2012,4.642
MAC000005,13-11-2012,4.229
MAC000005,14-11-2012,4.9
MAC000005,15-11-2012,4.391
MAC000005,16-11-2012,4.361
MAC000005,17-11-2012,3.552
MAC000005,18-11-2012,5.611
MAC000005,19-11-2012,3.939
MAC000005,20-11-2012,5.737
MAC000005,21-11-2012,4.844
MAC000005,22-11-2012,4.848
MAC000005,23-11-2012,5.13
MAC000005,24-11-2012,5.188
MAC000005,25-11-2012,3.195
MAC000005,26-11-2012,5.902
MAC000005,27-11-2012,5.722
MAC000005,28-11-2012,6.04
MAC000005,29-11-2012,4.898
MAC000005,30-11-2012,4.859
MAC000005,01-12-2012,5.451
MAC000005,02-12-2012,6.766
MAC000005,03-12-2012,6.114
MAC000005,04-12-2012,4.273
MAC000005,05-12-2012,5.769
MAC000005,06-12-2012,4.5
MAC000005,07-12-2012,6.062
MAC000005,08-12-2012,6.118
MAC000005,09-12-2012,5.394
MAC000005,10-12-2012,5.784
MAC000005,11-12-2012,5.336
MAC000005,12-12-2012,5.215
MAC000005,13-12-2012,5.816
MAC000005,14-12-2012,7.092
MAC000005,15-12-2012,5.935
MAC000005,16-12-2012,5.955
MAC000005,17-12-2012,5.922
MAC000005,18-12-2012,5.267
MAC000005,19-12-2012,5.971
MAC000005,20-12-2012,5.745
MAC000005,21-12-2012,5.917
MAC000005,22-12-2012,6.76
MAC000005,23-12-2012,6.096
MAC000005,24-12-2012,5.626
MAC000005,25-12-2012,11.777
MAC000005,26-12-2012,4.308
MAC000005,27-12-2012,7.089
MAC000005,28-12-2012,7.773
MAC000005,29-12-2012,8.839
MAC000005,30-12-2012,6.021
MAC000005,31-12-2012,5.301
MAC000005,01-01-2013,4.339
MAC000005,02-01-2013,5.7
MAC000005,03-01-2013,5.177
MAC000005,04-01-2013,6.188
MAC000005,05-01-2013,5.369
MAC000005,06-01-2013,11.436
MAC000005,07-01-2013,5.689
MAC000005,08-01-2013,3.753
MAC000005,09-01-2013,5.092
MAC000005,10-01-2013,5.24
MAC000005,11-01-2013,5.895
MAC000005,12-01-2013,5.324
MAC000005,13-01-2013,5.017
MAC000005,14-01-2013,6.436
MAC000005,15-01-2013,5.737
MAC000005,16-01-2013,6.361
MAC000005,17-01-2013,5.228
MAC000005,18-01-2013,6.7
MAC000005,19-01-2013,6.195
MAC000005,20-01-2013,6.378
MAC000005,21-01-2013,5.511
MAC000005,22-01-2013,5.659
MAC000005,23-01-2013,6.024
MAC000005,24-01-2013,5.693
MAC000005,25-01-2013,5.743
MAC000005,26-01-2013,5.769
MAC000005,27-01-2013,5.641
MAC000005,28-01-2013,8.153
MAC000005,29-01-2013,4.827
MAC000005,30-01-2013,4.762
MAC000005,31-01-2013,4.923
MAC000005,01-02-2013,5.303
MAC000005,02-02-2013,5.184
MAC000005,03-02-2013,12.446
MAC000005,04-02-2013,4.553
MAC000005,05-02-2013,4.788
MAC000005,06-02-2013,5.861
MAC000005,07-02-2013,4.993
MAC000005,08-02-2013,4.971
MAC000005,09-02-2013,5.922
MAC000005,10-02-2013,4.764
MAC000005,11-02-2013,5.235
MAC000005,12-02-2013,6.013
MAC000005,13-02-2013,4.01
MAC000005,14-02-2013,5.408
MAC000005,15-02-2013,4.74
MAC000005,16-02-2013,4.206
MAC000005,17-02-2013,5.35
MAC000005,18-02-2013,5.093
MAC000005,19-02-2013,4.259
MAC000005,20-02-2013,5.549
MAC000005,21-02-2013,4.517
MAC000005,22-02-2013,6.176
MAC000005,23-02-2013,5.81
MAC000005,24-02-2013,4.821
MAC000005,25-02-2013,7.491
MAC000005,26-02-2013,5.056
MAC000005,27-02-2013,3.565
MAC000005,28-02-2013,5.623
MAC000005,01-03-2013,6.301
MAC000005,02-03-2013,5.542
MAC000005,03-03-2013,5.876
MAC000005,04-03-2013,5.447
MAC000005,05-03-2013,5.073
MAC000005,06-03-2013,6.216
MAC000005,07-03-2013,5.036
MAC000005,08-03-2013,5.26
MAC000005,09-03-2013,5.052
MAC000005,10-03-2013,4.743
MAC000005,11-03-2013,5.35
MAC000005,12-03-2013,4.422
MAC000005,13-03-2013,5.277
MAC000005,14-03-2013,6.332
MAC000005,15-03-2013,5.5
MAC000005,16-03-2013,5.281
MAC000005,17-03-2013,8.328
MAC000005,18-03-2013,7.844
MAC000005,19-03-2013,4.948
MAC000005,20-03-2013,4.911
MAC000005,21-03-2013,4.201
MAC000005,22-03-2013,5.591
MAC000005,23-03-2013,5.468
MAC000005,24-03-2013,4.963
MAC000005,25-03-2013,5.685
MAC000005,26-03-2013,5.25
MAC000005,27-03-2013,5.156
MAC000005,28-03-2013,4.309
MAC000005,29-03-2013,4.494
MAC000005,30-03-2013,3.873
MAC000005,31-03-2013,5.151
MAC000005,01-04-2013,6.76
MAC000005,02-04-2013,5.115
MAC000005,03-04-2013,5.124
MAC000005,04-04-2013,5.547
MAC000005,05-04-2013,5.976
MAC000005,06-04-2013,4.651
MAC000005,07-04-2013,3.941
MAC000005,08-04-2013,5.567
MAC000005,09-04-2013,2.831
MAC000005,10-04-2013,4.467
MAC000005,11-04-2013,4.95
MAC000005,12-04-2013,4.564
MAC000005,13-04-2013,5.496
MAC000005,14-04-2013,3.703
MAC000005,15-04-2013,4.102
MAC000005,16-04-2013,3.399
MAC000005,17-04-2013,4.025
MAC000005,18-04-2013,2.663
MAC000005,19-04-2013,4.316
MAC000005,20-04-2013,3.02
MAC000005,21-04-2013,3.16
MAC000005,22-04-2013,4.071
MAC000005,23-04-2013,4.011
MAC000005,24-04-2013,2.76
MAC000005,25-04-2013,4.851
MAC000005,26-04-2013,4.142
MAC000005,27-04-2013,4.713
MAC000005,28-04-2013,4.63
MAC000005,29-04-2013,4.366
MAC000005,30-04-2013,4.395
MAC000005,01-05-2013,2.911
MAC000005,02-05-2013,4.117
MAC000005,03-05-2013,3.189
MAC000005,04-05-2013,4.119
MAC000005,05-05-2013,5.492
MAC000005,06-05-2013,4.487
MAC000005,07-05-2013,3.877
MAC000005,08-05-2013,2.458
MAC000005,09-05-2013,3.788
MAC000005,10-05-2013,3.037
MAC000005,11-05-2013,3.398
MAC000005,12-05-2013,4.166
MAC000005,13-05-2013,4.022
MAC000005,14-05-2013,5.273
MAC000005,15-05-2013,3.656
MAC000005,16-05-2013,3.022
MAC000005,17-05-2013,4.022
MAC000005,18-05-2013,2.021
MAC000005,19-05-2013,1.458
MAC000005,20-05-2013,1.479
MAC000005,21-05-2013,1.474
MAC000005,22-05-2013,2.544
MAC000005,23-05-2013,4.953
MAC000005,24-05-2013,5.146
MAC000005,25-05-2013,7.581
MAC000005,26-05-2013,3.113
MAC000005,27-05-2013,4.152
MAC000005,28-05-2013,3.96
MAC000005,29-05-2013,4.426
MAC000005,30-05-2013,3.34
MAC000005,31-05-2013,3.528
MAC000005,01-06-2013,2.347
MAC000005,02-06-2013,3.846
MAC000005,03-06-2013,3.772
MAC000005,04-06-2013,3.747
MAC000005,05-06-2013,3.119
MAC000005,06-06-2013,4.058
MAC000005,07-06-2013,3.585
MAC000005,08-06-2013,2.668
MAC000005,09-06-2013,2.733
MAC000005,10-06-2013,4.469
MAC000005,11-06-2013,4.649
MAC000005,12-06-2013,4.523
MAC000005,13-06-2013,2.319
MAC000005,14-06-2013,1.563
MAC000005,15-06-2013,1.56
MAC000005,16-06-2013,1.552
MAC000005,17-06-2013,1.566
MAC000005,18-06-2013,1.574
MAC000005,19-06-2013,1.632
MAC000005,20-06-2013,1.664
MAC000005,21-06-2013,1.657
MAC000005,22-06-2013,2.701
MAC000005,23-06-2013,3.186
MAC000005,24-06-2013,3.858
MAC000005,25-06-2013,2.516
MAC000005,26-06-2013,3.742
MAC000005,27-06-2013,3.268
MAC000005,28-06-2013,4.088
MAC000005,29-06-2013,4.917
MAC000005,30-06-2013,3.733
MAC000005,01-07-2013,4.851
MAC000005,02-07-2013,2.67
MAC000005,03-07-2013,3.932
MAC000005,04-07-2013,4.248
MAC000005,05-07-2013,3.524
MAC000005,06-07-2013,2.504
MAC000005,07-07-2013,3.723
MAC000005,08-07-2013,3.261
MAC000005,09-07-2013,3.624
MAC000005,10-07-2013,4.083
MAC000005,11-07-2013,3.433
MAC000005,12-07-2013,3.269
MAC000005,13-07-2013,4.629
MAC000005,14-07-2013,3.148
MAC000005,15-07-2013,5.076
MAC000005,16-07-2013,3.67
MAC000005,17-07-2013,3.57
MAC000005,18-07-2013,3.728
MAC000005,19-07-2013,3.304
MAC000005,20-07-2013,3.965
MAC000005,21-07-2013,5.663
MAC000005,22-07-2013,3.714
MAC000005,23-07-2013,4.3
MAC000005,24-07-2013,2.959
MAC000005,25-07-2013,3.931
MAC000005,26-07-2013,3.983
MAC000005,27-07-2013,3.682
MAC000005,28-07-2013,3.704
MAC000005,29-07-2013,4.471
MAC000005,30-07-2013,3.348
MAC000005,31-07-2013,3.954
MAC000005,01-08-2013,3.777
MAC000005,02-08-2013,4.235
MAC000005,03-08-2013,3.751
MAC000005,04-08-2013,4.292
MAC000005,05-08-2013,4.14
MAC000005,06-08-2013,3.652
MAC000005,07-08-2013,4.136
MAC000005,08-08-2013,4.085
MAC000005,09-08-2013,3.823
MAC000005,10-08-2013,2.856
MAC000005,11-08-2013,4.534
MAC000005,12-08-2013,4.238
MAC000005,13-08-2013,3.711
MAC000005,14-08-2013,3.74
MAC000005,15-08-2013,3.191
MAC000005,16-08-2013,4.232
MAC000005,17-08-2013,3.981
MAC000005,18-08-2013,4.42
MAC000005,19-08-2013,4.314
MAC000005,20-08-2013,3.197
MAC000005,21-08-2013,3.779
MAC000005,22-08-2013,3.851
MAC000005,23-08-2013,3.895
MAC000005,24-08-2013,4.063
MAC000005,25-08-2013,3.279
MAC000005,26-08-2013,4.383
MAC000005,27-08-2013,3.728
MAC000005,28-08-2013,4.778
MAC000005,29-08-2013,2.235
MAC000005,30-08-2013,1.882
MAC000005,31-08-2013,1.857
MAC000005,01-09-2013,1.772
MAC000005,02-09-2013,1.768
MAC000005,03-09-2013,1.795
MAC000005,04-09-2013,1.833
MAC000005,05-09-2013,1.86
MAC000005,06-09-2013,3.926
MAC000005,07-09-2013,4.032
MAC000005,08-09-2013,3.479
MAC000005,09-09-2013,4.101
MAC000005,10-09-2013,3.619
MAC000005,11-09-2013,4.153
MAC000005,12-09-2013,3.624
MAC000005,13-09-2013,4.843
MAC000005,14-09-2013,4.291
MAC000005,15-09-2013,4.786
MAC000005,16-09-2013,7.628
MAC000005,17-09-2013,3.561
MAC000005,18-09-2013,3.556
MAC000005,19-09-2013,4.175
MAC000005,20-09-2013,4.997
MAC000005,21-09-2013,3.735
MAC000005,22-09-2013,4.053
MAC000005,23-09-2013,4.575
MAC000005,24-09-2013,4.06
MAC000005,25-09-2013,2.582
MAC000005,26-09-2013,4.234
MAC000005,27-09-2013,4.675
MAC000005,28-09-2013,4.201
MAC000005,29-09-2013,4.038
MAC000005,30-09-2013,4.394
MAC000005,01-10-2013,7.08
MAC000005,02-10-2013,4.927
MAC000005,03-10-2013,4.652
MAC000005,04-10-2013,6.456
MAC000005,05-10-2013,4.261
MAC000005,06-10-2013,5.007
MAC000005,07-10-2013,5.063
MAC000005,08-10-2013,5.571
MAC000005,09-10-2013,6.249
MAC000005,10-10-2013,4.275
MAC000005,11-10-2013,4.925
MAC000005,12-10-2013,4.628
MAC000005,13-10-2013,4.628
MAC000005,14-10-2013,4.952
MAC000005,15-10-2013,5.454
MAC000005,16-10-2013,5.312
MAC000005,17-10-2013,4.328
MAC000005,18-10-2013,5.759
MAC000005,19-10-2013,2.614
MAC000005,20-10-2013,1.722
MAC000005,21-10-2013,1.672
MAC000005,22-10-2013,1.698
MAC000005,23-10-2013,1.689
MAC000005,24-10-2013,1.665
MAC000005,25-10-2013,1.674
MAC000005,26-10-2013,3.048
MAC000005,27-10-2013,4.637
MAC000005,28-10-2013,5.389
MAC000005,29-10-2013,6.058
MAC000005,30-10-2013,5.073
MAC000005,31-10-2013,4.683
MAC000005,01-11-2013,4.582
MAC000005,02-11-2013,4.242
MAC000005,03-11-2013,2.418
MAC000005,04-11-2013,4.708
MAC000005,05-11-2013,5.556
MAC000005,06-11-2013,5.572
MAC000005,07-11-2013,3.859
MAC000005,08-11-2013,6.421
MAC000005,09-11-2013,4.456
MAC000005,10-11-2013,8.54
MAC000005,11-11-2013,16.708
MAC000005,12-11-2013,4.764
MAC000005,13-11-2013,6.711
MAC000005,14-11-2013,4.872
MAC000005,15-11-2013,4.897
MAC000005,16-11-2013,5.464
MAC000005,17-11-2013,4.873
MAC000005,18-11-2013,5.333
MAC000005,19-11-2013,5.786
MAC000005,20-11-2013,5.106
MAC000005,21-11-2013,5.226
MAC000005,22-11-2013,5.242
MAC000005,23-11-2013,5.049
MAC000005,24-11-2013,5.472
MAC000005,25-11-2013,6.452
MAC000005,26-11-2013,5.969
MAC000005,27-11-2013,5.133
MAC000005,28-11-2013,5.341
MAC000005,29-11-2013,5.257
MAC000005,30-11-2013,4.231
MAC000005,01-12-2013,5.989
MAC000005,02-12-2013,5.301
MAC000005,03-12-2013,7.043
MAC000005,04-12-2013,5.51
MAC000005,05-12-2013,4.658
MAC000005,06-12-2013,6.059
MAC000005,07-12-2013,5.997
MAC000005,08-12-2013,4.912
MAC000005,09-12-2013,4.95
MAC000005,10-12-2013,4.494
MAC000005,11-12-2013,5.245
MAC000005,12-12-2013,6.182
MAC000005,13-12-2013,5.028
MAC000005,14-12-2013,5.564
MAC000005,15-12-2013,5.479
MAC000005,16-12-2013,5.693
MAC000005,17-12-2013,5.819
MAC000005,18-12-2013,5.449
MAC000005,19-12-2013,4.711
MAC000005,20-12-2013,4.704
MAC000005,21-12-2013,5.676
MAC000005,22-12-2013,5.28
MAC000005,23-12-2013,4.784
MAC000005,24-12-2013,5.241
MAC000005,25-12-2013,9.048
MAC000005,26-12-2013,3.257
MAC000005,27-12-2013,6.935
MAC000005,28-12-2013,5.71
MAC000005,29-12-2013,2.976
MAC000005,30-12-2013,4.998
MAC000005,31-12-2013,5.222
MAC000005,01-01-2014,4.114
MAC000005,02-01-2014,4.272
MAC000005,03-01-2014,6.112
MAC000005,04-01-2014,6.274
MAC000005,05-01-2014,6.641
MAC000005,06-01-2014,5.292
MAC000005,07-01-2014,5.438
MAC000005,08-01-2014,5.175
MAC000005,09-01-2014,4.649
MAC000005,10-01-2014,4.808
MAC000005,11-01-2014,4.447
MAC000005,12-01-2014,5.963
MAC000005,13-01-2014,4.56
MAC000005,14-01-2014,5.638
MAC000005,15-01-2014,4.931
MAC000005,16-01-2014,4.165
MAC000005,17-01-2014,5.385
MAC000005,18-01-2014,6.122
MAC000005,19-01-2014,6.121
MAC000005,20-01-2014,6.192
MAC000005,21-01-2014,5.15
MAC000005,22-01-2014,5.807
MAC000005,23-01-2014,4.73
MAC000005,24-01-2014,5.453
MAC000005,25-01-2014,4.42
MAC000005,26-01-2014,5.695
MAC000005,27-01-2014,5.035
MAC000005,28-01-2014,4.699
MAC000005,29-01-2014,6.45
MAC000005,30-01-2014,5.144
MAC000005,31-01-2014,4.829
MAC000005,01-02-2014,4.833
MAC000005,02-02-2014,4.24
MAC000005,03-02-2014,7.682
MAC000005,04-02-2014,5.801
MAC000005,05-02-2014,5.651
MAC000005,06-02-2014,4.656
MAC000005,07-02-2014,5.168
MAC000005,08-02-2014,6.714
MAC000005,09-02-2014,4.881
MAC000005,10-02-2014,6.732
MAC000005,11-02-2014,6.469
MAC000005,12-02-2014,5.347
MAC000005,13-02-2014,5.033
MAC000005,14-02-2014,5.625
MAC000005,15-02-2014,5.268
MAC000005,16-02-2014,6.143
MAC000005,17-02-2014,6.373
MAC000005,18-02-2014,5.362
MAC000005,19-02-2014,4.85
MAC000005,20-02-2014,4.16
MAC000005,21-02-2014,5.088
MAC000005,22-02-2014,4.19
MAC000005,23-02-2014,5.369
MAC000005,24-02-2014,4.448
MAC000005,25-02-2014,4.865
MAC000005,26-02-2014,3.908
MAC000005,27-02-2014,4.638
MAC000005,28-02-2014,0.224
